tenure,monthly_charges,support_calls,contract_type,internet_usage,churn
39,78,0,0,22,0
52,23,2,1,61,0
29,86,2,1,50,0
15,48,1,1,96,0
43,48,6,1,59,0
8,117,8,1,20,0
21,117,3,1,36,0
39,47,4,0,97,0
58,96,2,1,15,0
19,98,8,1,62,0
23,106,3,0,3,0
11,63,4,0,93,0
11,109,0,0,91,0
24,23,1,0,5,0
53,109,8,1,56,0
36,28,1,0,31,0
40,24,4,0,86,0
24,75,7,1,35,0
3,115,2,0,71,0
22,103,5,0,70,0
53,69,3,1,26,0
2,94,6,1,1,0
24,34,9,1,83,0
44,51,2,1,7,0
30,47,5,1,36,0
38,41,9,1,76,0
2,36,8,1,84,0
21,78,9,0,87,1
33,109,0,0,25,0
12,90,2,1,94,0
58,76,1,0,59,0
22,45,7,1,61,0
44,44,6,0,29,1
25,29,1,1,95,0
49,64,5,0,18,0
27,102,2,1,41,0
59,30,7,0,19,1
42,96,9,1,4,0
28,72,2,0,65,0
16,91,9,0,41,1
15,87,8,1,15,0
47,114,0,0,54,0
51,47,4,0,64,0
44,94,2,0,72,0
55,84,5,0,15,0
52,68,9,0,79,1
57,66,1,1,50,0
3,71,8,1,22,0
37,107,5,0,18,0
51,73,6,1,80,0
7,79,4,0,2,0
21,76,8,1,36,0
9,66,0,0,20,0
39,50,4,0,16,0
18,65,9,0,67,1
4,45,5,0,30,0
25,24,6,1,55,0
14,103,3,1,66,0
50,71,0,1,99,0
58,94,7,0,26,1
9,73,9,1,57,0
26,52,3,1,69,0
53,69,2,0,2,0
2,57,6,0,56,1
20,46,1,0,84,0
28,117,7,1,62,0
47,34,5,1,34,0
7,115,6,0,98,1
44,80,4,1,56,0
8,40,8,0,55,1
47,65,4,1,20,0
35,88,4,0,50,0
14,25,2,1,25,0
17,57,0,1,84,0
36,81,1,1,25,0
50,105,7,0,53,1
40,81,0,0,14,0
4,101,6,0,60,1
2,97,4,1,43,0
6,93,2,0,62,0
54,65,6,1,76,0
42,32,8,0,69,1
4,114,1,0,63,0
54,113,7,1,2,0
29,22,8,1,54,0
18,113,2,0,16,0
26,25,1,0,55,0
44,112,6,1,94,0
34,27,4,1,43,0
10,63,4,0,61,0
36,52,9,1,38,0
14,100,4,0,45,0
31,94,3,0,51,0
48,96,4,0,42,0
15,69,3,1,24,0
8,30,5,0,30,0
14,114,3,0,37,0
23,47,1,1,53,0
57,89,8,1,63,0
40,60,1,1,11,0
21,35,8,0,78,1
16,87,9,1,23,0
45,118,5,1,80,0
18,67,8,0,50,1
47,75,8,0,85,1
53,83,2,0,55,0
24,78,0,0,55,0
26,109,0,1,4,0
25,81,2,0,97,0
45,95,4,1,54,0
41,30,2,0,61,0
29,108,8,0,78,1
15,37,8,1,83,0
45,38,2,1,5,0
1,106,2,1,95,0
25,74,4,0,18,0
7,101,1,0,44,0
9,45,5,1,31,0
24,25,6,1,94,0
1,23,8,0,21,1
44,48,5,1,47,0
8,78,2,1,30,0
24,117,4,0,55,0
11,36,3,1,68,0
51,62,4,0,69,0
17,99,7,0,41,1
8,85,7,0,45,1
35,53,5,1,74,0
35,27,0,1,91,0
33,32,7,1,80,0
59,27,7,1,30,0
5,113,1,0,77,0
42,115,3,0,85,0
39,119,1,1,45,0
58,113,3,1,45,0
41,84,9,1,79,0
28,62,6,1,84,0
7,58,8,0,84,1
9,100,7,1,45,0
8,78,8,0,55,1
12,103,7,1,59,0
34,107,1,1,5,0
33,105,6,1,32,0
48,112,1,0,6,0
55,105,1,1,94,0
23,63,3,0,26,0
24,28,0,0,37,0
37,56,4,1,13,0
35,93,5,0,93,0
44,55,8,0,69,1
40,111,9,0,25,1
22,47,7,1,13,0
27,61,1,0,88,0
35,62,0,0,95,0
1,104,1,1,20,0
35,107,6,1,72,0
37,61,3,0,60,0
47,85,9,0,73,1
14,74,4,0,21,0
3,91,6,0,61,1
1,67,2,1,84,0
5,110,9,1,79,0
26,41,1,0,26,0
55,46,6,1,54,0
14,112,4,0,42,0
39,86,0,1,11,0
27,32,0,1,37,0
9,64,8,0,11,1
15,29,4,0,27,0
15,119,0,0,94,0
26,28,6,0,83,1
42,73,8,1,34,0
13,46,0,1,38,0
51,53,9,0,61,1
32,20,3,1,87,0
39,51,2,1,53,0
49,108,4,0,65,0
52,112,6,0,3,1
32,90,7,1,67,0
4,86,1,0,28,0
30,103,6,0,14,1
37,39,0,1,52,0
23,113,6,1,30,0
39,54,7,0,58,1
45,118,1,1,54,0
15,110,8,0,69,1
43,109,0,0,15,0
29,97,5,1,38,0
36,36,0,1,78,0
13,37,2,0,14,0
32,64,5,0,57,0
7,112,2,0,59,0
59,103,7,1,8,0
51,72,4,0,72,0
22,110,1,1,19,0
28,101,3,0,32,0
2,87,8,1,95,0
42,84,3,0,29,0
45,20,9,1,41,0
57,77,9,0,75,1
53,45,7,0,45,1
6,39,4,0,13,0
28,106,9,0,27,1
28,29,0,1,19,0
44,78,6,1,26,0
44,94,2,1,53,0
20,60,9,1,51,0
30,24,7,1,37,0
11,84,2,0,9,0
58,36,0,1,92,0
55,41,4,1,96,0
28,117,1,1,52,0
25,60,3,1,54,0
39,112,0,0,3,0
33,87,8,0,96,1
1,88,5,0,69,0
57,30,7,0,8,1
27,75,3,1,14,0
57,70,8,1,3,0
52,40,1,0,24,0
13,118,8,0,13,1
41,95,4,1,43,0
3,45,5,1,29,0
39,38,2,0,72,0
6,79,3,0,51,0
8,90,5,0,42,0
27,66,6,0,31,1
9,90,0,1,63,0
37,45,6,1,26,0
33,59,0,1,18,0
51,24,4,0,82,0
42,40,5,1,57,0
44,97,1,1,7,0
24,23,9,0,48,1
15,42,8,0,80,1
59,103,9,0,60,1
54,34,5,0,33,0
32,112,6,0,3,1
32,27,9,0,4,1
24,60,7,1,4,0
41,38,9,1,42,0
52,65,0,1,9,0
49,47,7,1,51,0
49,110,3,1,17,0
58,87,9,1,17,0
52,34,7,0,97,1
12,118,5,0,20,0
39,56,8,0,14,1
2,20,3,1,22,0
3,86,1,1,52,0
49,43,1,0,27,0
37,46,4,0,43,0
49,59,9,0,3,1
56,82,8,0,88,1
17,80,2,0,94,0
59,55,7,1,8,0
49,117,3,1,86,0
2,112,5,1,89,0
2,43,9,0,10,1
28,43,5,1,29,0
54,23,2,0,40,0
23,86,4,1,65,0
37,53,2,0,21,0
32,76,0,0,24,0
33,68,6,1,73,0
1,106,3,1,60,0
19,72,6,1,26,0
2,42,2,1,9,0
53,88,4,1,20,0
44,114,4,0,56,0
26,72,1,1,99,0
32,81,9,1,36,0
6,60,1,0,36,0
32,76,3,1,73,0
55,79,3,0,22,0
4,73,3,1,1,0
55,89,5,1,69,0
11,76,1,0,73,0
56,29,5,1,37,0
59,59,6,1,83,0
17,26,9,1,72,0
38,57,2,1,96,0
24,104,7,0,13,1
5,80,1,0,84,0
52,103,7,1,43,0
34,22,4,1,37,0
6,70,1,0,94,0
22,105,6,0,74,1
11,66,1,1,95,0
48,87,5,0,25,0
16,111,9,0,93,1
33,95,2,0,88,0
9,57,8,0,21,1
59,55,2,1,41,0
6,60,2,0,73,0
16,88,4,1,42,0
29,32,6,1,42,0
3,106,7,0,2,1
20,77,6,1,68,0
59,69,8,1,8,0
36,49,4,0,96,0
19,81,9,0,61,1
26,44,2,0,14,0
3,46,5,1,77,0
19,70,4,1,21,0
20,97,3,1,24,0
32,76,1,1,50,0
7,66,6,0,82,1
52,119,4,1,45,0
41,58,3,0,64,0
33,35,7,0,64,1
40,41,8,0,26,1
39,104,8,0,32,1
18,73,2,1,57,0
40,40,2,0,53,0
1,91,4,1,33,0
11,35,4,0,52,0
28,78,9,0,95,1
57,50,1,0,18,0
25,61,0,1,35,0
50,93,7,0,12,1
23,51,2,0,51,0
31,78,0,0,89,0
30,53,0,0,95,0
42,28,1,1,10,0
35,100,5,1,52,0
7,30,5,0,34,0
16,115,2,0,67,0
26,29,3,1,39,0
48,105,1,1,8,0
57,36,1,1,96,0
52,87,6,0,29,1
49,67,0,1,22,0
2,71,6,0,84,1
1,44,0,1,70,0
48,40,5,1,61,0
12,84,2,0,43,0
5,82,7,1,49,0
37,108,5,0,29,0
32,70,1,1,81,0
59,55,7,0,31,1
55,100,4,1,53,0
9,107,7,1,34,0
41,85,7,0,38,1
35,34,5,0,57,0
19,115,1,0,4,0
48,58,7,0,2,1
16,89,5,1,12,0
3,20,5,1,35,0
20,42,7,1,70,0
24,58,0,1,72,0
54,76,1,1,21,0
56,100,8,1,61,0
33,53,7,0,35,1
24,60,6,1,48,0
52,112,6,1,15,0
11,92,4,0,71,0
49,32,1,1,15,0
8,89,5,1,6,0
36,25,9,1,81,0
38,103,2,0,68,0
40,71,3,0,22,0
20,22,9,1,32,0
35,100,1,0,22,0
48,82,1,1,27,0
25,68,7,1,15,0
35,95,7,1,44,0
25,66,9,0,86,1
29,74,5,1,92,0
18,83,4,1,9,0
46,84,7,1,34,0
18,100,3,1,73,0
2,86,3,1,15,0
54,109,4,0,62,0
35,34,0,1,45,0
16,119,0,0,84,0
41,51,1,1,72,0
36,115,7,0,58,1
33,87,6,1,92,0
4,37,9,1,19,0
33,102,8,0,16,1
14,62,4,0,75,0
21,54,1,1,8,0
48,97,6,0,33,1
20,77,7,0,74,1
56,52,6,1,18,0
8,33,6,1,35,0
7,53,4,1,43,0
3,80,1,1,50,0
17,23,5,1,3,0
33,107,3,0,91,0
48,78,9,1,59,0
12,48,1,0,28,0
59,102,8,1,46,0
51,25,6,1,64,0
22,116,5,0,70,0
55,68,4,1,47,0
22,59,2,0,14,0
46,102,9,0,7,1
30,84,9,0,74,1
38,88,3,1,79,0
38,46,2,1,31,0
45,99,7,1,93,0
51,25,2,1,81,0
54,32,6,1,51,0
8,83,6,1,29,0
27,81,6,0,15,1
27,118,6,1,90,0
34,38,1,1,76,0
21,95,9,1,25,0
30,99,2,1,61,0
33,62,9,0,41,1
28,93,8,0,69,1
47,108,2,0,4,0
33,39,1,0,57,0
5,114,8,0,31,1
48,87,9,1,3,0
19,63,8,0,67,1
4,42,3,0,90,0
35,21,8,1,50,0
49,41,2,1,17,0
17,76,6,0,60,1
44,91,6,1,74,0
28,26,7,1,66,0
30,97,9,0,88,1
29,75,3,1,75,0
46,86,2,0,24,0
53,35,2,0,99,0
6,102,4,1,87,0
35,70,0,0,32,0
41,101,9,0,87,1
37,99,2,1,98,0
24,91,5,1,19,0
29,116,2,1,66,0
49,31,4,1,60,0
46,72,8,0,66,1
53,94,1,1,15,0
31,24,1,1,85,0
35,46,5,0,35,0
33,31,5,0,69,0
52,36,7,0,27,1
21,25,1,0,88,0
32,116,8,1,7,0
23,24,1,1,6,0
33,76,0,0,33,0
3,47,9,0,58,1
18,97,1,0,49,0
25,88,6,0,17,1
42,78,7,1,42,0
31,52,4,0,94,0
54,81,5,1,72,0
58,69,0,0,40,0
3,38,5,1,46,0
40,105,7,1,71,0
46,88,2,1,70,0
24,85,0,1,68,0
50,113,3,0,1,0
32,66,0,1,79,0
47,58,7,0,95,1
22,87,4,1,89,0
23,52,0,1,97,0
2,32,7,0,52,1
27,103,8,0,35,1
42,73,9,1,69,0
2,26,1,1,5,0
26,98,8,0,17,1
17,106,7,1,53,0
40,33,6,0,52,1
33,106,2,0,14,0
9,38,1,0,29,0
43,73,6,1,8,0
54,112,4,1,98,0
48,39,5,0,1,0
39,48,3,0,29,0
29,43,1,0,36,0
42,101,8,0,51,1
55,82,2,1,37,0
26,93,6,0,93,1
35,76,7,1,69,0
50,27,1,0,53,0
25,109,5,1,96,0
24,81,7,1,52,0
13,48,6,1,88,0
58,93,2,1,83,0
7,36,0,1,12,0
57,85,5,0,52,0
36,25,7,0,1,1
45,77,5,1,7,0
20,88,4,0,17,0
1,47,7,0,98,1
8,81,1,0,43,0
46,60,0,0,71,0
16,88,0,0,17,0
14,101,3,0,59,0
12,109,5,0,3,0
51,103,8,1,29,0
23,60,0,0,22,0
15,68,0,0,38,0
28,110,4,0,54,0
34,68,9,1,93,0
2,95,4,1,50,0
32,90,4,0,69,0
23,22,9,1,30,0
22,29,5,1,23,0
51,117,7,0,85,1
25,108,2,1,90,0
58,54,8,0,47,1
22,99,0,1,21,0
58,21,3,0,20,0
58,43,8,1,23,0
22,93,7,0,68,1
49,57,9,0,21,1
52,41,8,1,21,0
42,45,0,0,1,0
6,62,8,0,15,1
15,74,2,1,17,0
54,58,9,0,51,1
43,110,8,0,63,1
37,48,0,1,14,0
33,39,0,0,59,0
8,110,8,1,83,0
53,60,5,0,50,0
44,73,3,1,34,0
44,39,6,1,6,0
5,38,4,0,49,0
39,103,9,1,6,0
4,118,6,0,69,1
6,85,7,0,7,1
45,49,7,1,97,0
32,72,0,0,77,0
52,53,7,0,51,1
30,41,5,1,1,0
47,86,3,0,13,0
35,25,7,0,43,1
55,98,2,1,27,0
40,46,3,0,71,0
52,29,5,0,3,0
16,92,6,1,58,0
13,116,3,0,89,0
50,115,3,0,97,0
42,67,6,1,17,0
30,89,5,0,45,0
19,78,7,0,78,1
17,119,0,1,58,0
56,78,9,1,56,0
19,21,6,0,54,1
28,48,6,0,87,1
58,87,6,1,88,0
55,84,6,0,29,1
26,102,9,0,54,1
37,45,9,0,27,1
26,108,7,1,45,0
53,29,8,0,87,1
23,72,8,0,31,1
9,98,1,1,36,0
12,78,6,1,81,0
53,41,6,1,61,0
1,70,3,0,37,0
58,67,8,0,67,1
58,40,7,1,36,0
1,41,0,0,5,0
47,119,1,0,46,0
34,117,1,0,79,0
32,49,7,0,52,1
54,44,0,1,49,0
48,47,3,1,6,0
25,84,9,0,10,1
40,64,4,1,96,0
45,87,8,0,23,1
53,26,6,0,17,1
1,68,7,1,84,0
16,28,8,1,44,0
39,55,6,0,41,1
5,102,4,0,15,0
22,20,4,0,44,0
29,29,9,0,58,1
55,55,5,1,86,0
3,92,4,1,50,0
12,65,8,0,52,1
26,51,2,0,70,0
16,51,2,1,68,0
51,25,6,0,63,1
37,67,6,1,58,0
22,57,5,0,23,0
57,36,2,1,44,0
29,93,6,0,83,1
14,46,4,0,95,0
28,73,6,0,44,1
5,69,1,1,52,0
47,54,5,1,67,0
49,104,7,0,28,1
30,44,0,0,67,0
46,47,3,0,78,0
52,34,0,0,18,0
5,23,0,1,27,0
12,112,9,1,51,0
16,92,7,1,60,0
26,46,6,0,74,1
26,45,9,0,49,1
48,38,0,1,15,0
21,111,1,0,83,0
39,36,3,1,73,0
36,62,0,1,68,0
33,60,2,1,15,0
30,61,7,1,51,0
37,69,7,0,48,1
23,103,7,1,72,0
58,59,5,0,1,0
10,58,5,1,7,0
54,42,4,1,53,0
5,115,8,1,31,0
36,71,3,1,18,0
34,66,9,0,12,1
52,82,6,0,48,1
31,116,0,0,30,0
10,88,8,0,97,1
58,62,6,1,7,0
19,67,9,0,92,1
58,53,8,0,3,1
32,59,6,1,63,0
1,94,1,0,6,0
56,80,5,0,95,0
5,69,9,0,15,1
45,86,3,0,71,0
4,81,2,1,43,0
16,77,1,1,94,0
24,52,5,0,91,0
16,94,7,1,81,0
55,35,5,0,18,0
2,101,8,0,22,1
49,113,4,0,61,0
28,67,1,1,61,0
32,29,7,1,53,0
27,101,8,1,26,0
20,57,9,1,91,0
24,38,3,1,40,0
12,55,5,1,88,0
50,78,9,0,8,1
35,82,7,1,21,0
33,96,8,0,93,1
33,65,4,0,43,0
51,22,5,1,21,0
43,93,3,0,3,0
37,84,4,0,31,0
12,110,6,0,27,1
3,27,8,1,27,0
1,70,9,1,73,0
33,100,5,0,57,0
40,92,5,1,97,0
10,25,7,0,33,1
43,108,3,1,90,0
44,58,2,0,92,0
29,79,6,0,44,1
13,47,4,1,43,0
12,116,1,1,31,0
31,73,1,1,65,0
46,56,5,1,84,0
2,28,7,1,76,0
51,101,0,0,17,0
50,75,5,0,15,0
35,78,1,0,34,0
23,104,1,1,80,0
17,21,6,1,4,0
26,80,9,0,72,1
8,77,0,0,98,0
29,79,5,0,89,0
26,59,6,0,79,1
10,55,7,1,28,0
26,56,6,0,73,1
34,98,5,1,2,0
51,111,8,0,17,1
41,37,2,1,58,0
7,117,5,1,74,0
4,82,3,1,9,0
58,41,1,1,31,0
53,30,0,0,66,0
50,77,0,0,88,0
45,76,9,0,62,1
11,96,2,1,19,0
29,23,3,0,81,0
56,105,1,0,74,0
36,26,0,0,55,0
25,80,3,1,28,0
21,73,6,1,92,0
57,107,9,1,50,0
36,87,5,0,65,0
10,111,5,0,3,0
37,98,8,0,79,1
9,20,1,1,52,0
24,74,3,0,10,0
35,22,4,1,21,0
49,97,0,1,37,0
35,57,7,1,15,0
48,20,7,1,87,0
36,57,5,0,78,0
18,104,4,0,79,0
49,48,7,1,74,0
39,24,2,0,9,0
32,93,2,1,44,0
24,111,1,0,39,0
23,40,4,0,5,0
32,90,2,1,25,0
37,86,2,1,56,0
12,66,5,1,90,0
49,103,7,1,64,0
55,102,1,0,72,0
13,54,3,1,86,0
23,87,6,0,52,1
25,88,0,1,89,0
35,20,0,0,76,0
41,87,9,1,9,0
30,31,6,0,10,1
17,79,6,0,10,1
49,46,0,0,73,0
20,75,0,1,62,0
48,42,3,1,90,0
25,44,4,1,99,0
22,40,4,1,91,0
13,80,3,0,60,0
59,82,7,0,95,1
19,71,6,0,19,1
49,107,8,1,38,0
36,44,6,0,6,1
12,74,9,0,15,1
41,65,0,1,93,0
19,51,6,1,47,0
12,74,0,0,45,0
9,115,6,1,5,0
7,24,9,1,78,0
28,55,7,1,53,0
14,68,8,1,66,0
31,77,2,0,62,0
52,58,3,0,23,0
19,99,3,0,44,0
58,116,8,0,52,1
47,104,6,0,46,1
16,80,2,1,19,0
53,28,9,0,88,1
5,25,4,0,84,0
35,54,6,1,47,0
12,58,7,1,91,0
25,41,0,1,52,0
52,60,1,0,24,0
59,24,6,1,17,0
21,61,1,1,89,0
36,106,6,1,46,0
53,100,8,0,64,1
23,95,1,1,95,0
16,106,6,1,28,0
57,99,3,0,50,0
39,86,1,1,64,0
45,49,6,0,28,1
53,76,4,0,86,0
42,105,0,1,56,0
58,92,4,0,59,0
39,48,2,1,5,0
14,56,6,1,54,0
31,106,5,1,44,0
58,32,7,1,42,0
5,51,4,0,72,0
35,65,1,1,92,0
23,42,8,1,57,0
29,64,7,1,47,0
43,36,5,0,76,0
11,104,9,0,25,1
18,85,6,1,44,0
47,25,8,0,15,1
12,37,6,0,51,1
9,113,2,1,53,0
10,41,5,1,34,0
58,52,6,1,77,0
44,49,1,1,8,0
17,100,2,1,77,0
38,51,3,0,70,0
7,61,9,1,96,0
46,97,5,1,21,0
13,29,0,1,7,0
40,55,8,1,90,0
42,53,4,1,79,0
9,92,6,0,56,1
50,47,8,1,49,0
27,30,8,0,42,1
58,97,0,1,23,0
2,58,0,1,52,0
5,66,2,1,79,0
29,38,5,0,53,0
37,34,1,1,16,0
38,47,9,1,96,0
19,43,0,1,37,0
8,91,0,1,18,0
48,28,4,1,20,0
45,66,3,1,46,0
1,52,0,1,2,0
22,81,3,0,87,0
52,116,2,1,94,0
17,38,1,1,63,0
7,86,8,1,3,0
25,93,0,0,46,0
45,59,6,0,49,1
4,66,3,1,1,0
36,84,4,0,22,0
6,48,9,1,93,0
31,69,4,1,14,0
19,117,0,0,92,0
44,32,5,1,85,0
54,20,8,0,45,1
39,53,1,0,96,0
27,112,6,0,6,1
10,67,5,1,65,0
26,96,4,1,21,0
19,67,3,1,4,0
39,68,3,1,3,0
3,83,5,1,30,0
45,80,3,1,31,0
13,48,4,1,34,0
50,58,5,0,83,0
28,107,4,1,20,0
58,45,6,1,87,0
20,36,8,1,54,0
28,90,9,0,25,1
8,32,6,0,15,1
41,88,6,0,38,1
39,45,3,1,23,0
1,68,0,0,52,0
3,86,7,0,66,1
13,26,3,1,57,0
28,77,0,1,57,0
57,68,4,1,79,0
49,72,7,0,52,1
25,84,3,1,35,0
56,81,7,1,74,0
33,36,7,1,14,0
38,62,2,1,91,0
53,44,8,1,14,0
6,22,2,1,99,0
58,98,0,0,33,0
44,48,1,1,52,0
45,51,5,0,1,0
32,45,9,0,34,1
45,35,1,1,19,0
47,44,5,0,24,0
21,73,0,0,4,0
16,47,0,0,36,0
54,92,4,1,77,0
21,75,9,0,58,1
11,84,8,0,32,1
37,112,7,0,9,1
36,105,2,0,80,0
35,99,2,1,67,0
19,60,0,1,20,0
20,70,2,0,74,0
57,90,0,1,62,0
18,97,7,1,58,0
47,48,0,0,22,0
41,102,4,1,67,0
49,38,8,1,75,0
14,85,6,0,89,1
15,60,3,0,48,0
31,64,8,1,8,0
1,34,8,1,73,0
53,22,1,1,15,0
54,30,9,1,32,0
54,72,9,0,53,1
3,65,5,0,67,0
16,49,3,0,4,0
23,76,7,0,30,1
57,37,6,0,13,1
11,70,6,1,21,0
12,67,9,1,41,0
10,85,8,0,19,1
32,115,4,0,48,0
16,27,5,0,86,0
8,41,0,1,63,0
38,25,5,1,20,0
12,95,1,1,64,0
24,76,5,0,37,0
28,55,8,0,31,1
53,98,7,0,74,1
8,111,8,0,18,1
58,76,9,0,20,1
28,68,7,1,82,0
36,64,2,0,11,0
26,101,7,1,86,0
8,85,5,1,44,0
58,96,5,1,82,0
50,64,5,1,64,0
28,98,2,1,34,0
28,39,9,0,87,1
37,83,0,0,65,0
41,112,3,0,55,0
36,112,9,1,74,0
27,86,5,1,1,0
54,102,9,1,38,0
17,22,1,1,9,0
9,73,6,1,95,0
33,97,6,1,71,0
53,83,3,0,17,0
20,59,3,1,99,0
13,78,0,1,52,0
28,74,1,0,18,0
48,81,8,1,63,0
29,23,9,0,33,1
13,79,7,0,4,1
46,94,7,0,87,1
35,114,8,1,75,0
6,115,6,0,52,1
18,110,8,0,9,1
51,49,9,1,64,0
5,21,1,0,30,0
47,81,5,1,8,0
25,68,2,1,5,0
2,28,5,0,76,0
10,111,2,1,63,0
56,50,7,1,1,0
30,117,3,0,15,0
50,80,9,0,89,1
59,98,5,0,82,0
45,67,8,0,38,1
5,44,1,1,42,0
55,55,1,0,46,0
56,27,6,0,53,1
33,92,1,0,26,0
54,77,1,1,61,0
1,64,3,1,67,0
18,81,8,1,54,0
32,58,7,1,22,0
47,115,1,1,26,0
49,77,7,0,83,1
11,100,3,1,60,0
21,118,1,1,39,0
26,102,9,1,36,0
25,83,6,0,21,1
22,63,5,0,41,0
59,48,9,1,48,0
27,78,4,0,26,0
49,90,0,1,63,0
13,111,1,0,77,0
33,28,7,0,36,1
34,111,0,1,24,0
41,25,2,0,90,0
35,48,1,1,21,0
1,77,4,1,18,0
21,36,3,1,15,0
48,35,6,0,79,1
55,106,4,0,6,0
6,114,7,1,43,0
28,22,3,1,31,0
17,40,5,0,28,0
5,83,3,1,8,0
31,109,1,0,29,0
5,55,0,0,21,0
38,105,0,0,81,0
3,81,7,1,88,0
53,61,3,1,58,0
23,95,4,0,60,0
37,61,7,1,50,0
53,80,6,1,31,0
37,32,7,0,47,1
10,30,7,0,34,1
10,73,5,1,2,0
19,35,9,0,67,1
17,27,1,1,94,0
21,78,5,0,72,0
14,76,0,0,52,0
9,59,0,1,7,0
46,78,2,1,76,0
1,21,2,1,19,0
51,113,4,1,90,0
45,113,0,1,92,0
13,95,9,0,15,1
4,29,5,0,78,0
1,63,6,1,48,0
49,30,9,0,14,1
40,98,2,1,3,0
32,99,3,0,50,0
34,100,9,0,93,1
28,109,9,1,54,0
31,21,9,1,6,0
8,69,9,1,49,0
39,31,9,0,23,1
26,109,2,1,92,0
58,42,0,1,78,0
34,37,7,1,78,0
54,81,9,1,20,0
54,115,9,1,77,0
3,81,1,1,91,0
59,57,0,0,60,0
50,86,7,0,99,1
12,57,6,0,45,1
1,86,6,0,61,1
54,113,3,1,56,0
44,80,8,1,2,0
5,20,5,0,45,0
30,113,1,0,40,0
30,64,0,0,24,0
59,115,0,1,29,0
57,47,8,1,67,0
17,40,3,1,68,0
48,32,4,0,66,0
47,46,2,0,84,0
23,119,3,0,54,0
15,26,7,0,53,1
37,41,3,0,79,0
21,93,8,1,49,0
14,72,8,1,32,0
2,98,5,1,61,0
11,98,1,1,42,0
51,23,9,1,1,0
39,115,6,0,63,1
38,42,8,1,35,0
34,89,5,0,51,0
38,107,2,1,71,0
50,103,6,0,45,1
34,103,4,0,77,0
18,95,0,0,65,0
30,52,2,0,14,0
15,47,4,0,93,0
27,27,6,0,3,1
51,20,2,1,24,0
34,56,5,0,65,0
52,82,4,0,48,0
57,41,0,1,10,0
38,89,9,0,13,1
33,40,5,1,73,0
24,115,7,1,14,0
15,54,0,0,10,0
30,98,1,0,40,0
55,24,3,1,23,0
42,79,1,0,99,0
51,65,8,1,55,0
17,69,9,0,63,1
5,67,7,1,71,0
29,25,7,0,42,1
4,108,3,0,99,0
10,75,4,1,66,0
56,78,3,1,79,0
17,48,8,1,73,0
10,90,1,1,47,0
17,96,7,0,81,1
20,37,1,1,52,0
24,21,0,1,18,0
5,27,9,0,79,1
34,94,2,0,18,0
6,116,8,1,24,0
53,73,2,0,23,0
2,57,8,1,12,0
13,67,6,0,23,1
43,46,9,1,21,0
43,39,0,0,64,0
48,31,9,1,90,0
11,62,4,1,72,0
51,80,8,0,94,1
47,50,2,0,34,0
57,110,8,1,2,0
23,115,4,1,69,0
55,80,8,0,31,1
16,93,9,0,97,1
31,86,5,0,68,0
11,110,8,0,70,1
54,54,6,0,87,1
16,114,6,0,19,1
8,34,7,0,72,1
4,35,6,0,13,1
40,32,8,0,65,1
4,54,8,1,6,0
56,94,5,0,71,0
25,78,6,0,27,1
3,40,1,1,79,0
32,73,8,1,52,0
3,94,0,1,98,0
27,49,0,1,87,0
29,67,2,1,48,0
32,54,5,1,88,0
50,105,4,0,79,0
58,57,1,1,99,0
51,50,8,1,68,0
19,97,9,1,44,0
21,43,3,0,17,0
5,68,3,1,95,0
18,115,4,0,38,0
28,119,7,1,10,0
42,51,9,1,54,0
22,74,3,0,91,0
21,98,4,0,6,0
6,77,3,1,6,0
1,118,5,0,52,0
5,22,2,0,15,0
41,99,7,1,68,0
12,88,5,1,57,0
26,104,9,1,56,0
46,29,4,0,7,0
34,102,1,1,51,0
49,44,9,1,58,0
14,87,9,0,64,1
26,80,6,0,26,1
45,48,1,1,58,0
27,38,0,0,31,0
9,62,6,1,66,0
26,85,4,0,92,0
57,93,0,1,13,0
47,80,3,0,18,0
57,62,3,0,94,0
22,44,9,0,75,1
47,39,6,0,13,1
56,67,8,1,24,0
30,102,1,0,57,0
43,106,0,1,29,0
48,43,1,0,56,0
17,30,6,0,54,1
26,117,9,1,5,0
36,74,5,0,35,0
1,47,3,0,19,0
8,88,0,1,55,0
49,82,0,0,77,0
35,78,4,1,69,0
52,24,0,0,44,0
15,70,6,0,78,1
47,40,0,0,38,0
56,31,0,1,62,0
22,69,1,0,22,0
14,23,9,0,73,1
26,61,2,0,40,0
28,103,0,0,26,0
23,57,8,0,5,1
14,44,9,0,93,1
24,33,7,0,54,1
2,94,4,0,86,0
45,51,1,0,49,0
26,30,4,1,3,0
14,80,5,0,92,0
59,37,0,1,38,0
56,46,3,1,14,0
51,74,8,1,47,0
7,73,1,0,14,0
3,101,4,1,75,0
47,106,0,1,73,0
23,94,3,1,38,0
46,40,3,0,64,0
43,63,5,1,44,0
47,24,9,0,70,1
45,106,8,1,65,0
18,60,2,1,25,0
58,78,8,0,16,1
38,108,5,0,15,0
35,73,6,1,98,0
51,93,9,1,81,0
15,41,1,1,3,0
25,102,9,0,67,1
55,84,5,0,37,0
37,83,5,1,81,0
28,90,1,1,55,0
10,23,1,0,38,0
39,84,1,0,63,0
57,34,9,1,1,0
17,95,0,0,71,0
39,41,4,1,90,0
22,105,7,0,19,1
26,66,1,1,52,0
44,100,4,1,30,0
25,112,7,1,55,0
17,65,9,0,14,1
13,33,4,1,13,0
20,69,1,1,84,0
25,39,2,0,90,0
4,69,5,1,27,0
10,52,4,1,89,0
3,78,3,1,9,0
41,62,3,0,41,0
45,98,4,0,48,0
18,31,1,0,12,0
47,59,8,0,10,1
36,39,1,1,6,0
47,113,9,0,34,1
22,57,1,0,52,0
34,22,9,0,41,1
47,47,8,1,83,0
8,75,2,1,6,0
40,109,9,1,2,0
49,113,6,0,15,1
44,32,3,1,17,0
19,96,5,1,16,0
42,85,3,0,28,0
41,56,9,1,85,0
37,68,6,0,72,1
6,85,0,0,10,0
52,55,2,1,10,0
26,73,2,0,10,0
34,45,0,0,73,0
59,94,5,0,28,0
56,91,8,0,24,1
59,59,7,0,19,1
45,62,6,0,97,1
6,41,9,1,68,0
37,39,7,0,56,1
57,27,5,0,67,0
33,48,8,0,42,1
53,59,2,0,12,0
22,109,9,1,18,0
21,49,9,1,23,0
6,100,8,0,84,1
6,103,3,1,6,0
55,74,6,0,53,1
48,35,8,0,98,1
4,65,1,0,42,0
30,81,1,0,66,0
11,26,8,1,30,0
30,99,2,1,9,0
31,64,8,0,91,1
24,78,4,0,42,0
55,75,5,1,34,0
9,67,1,1,40,0
55,46,7,0,88,1
3,72,8,1,17,0
51,106,1,0,29,0
31,107,5,1,50,0
40,92,5,1,76,0
37,54,7,1,95,0
36,70,9,1,49,0
24,103,4,0,73,0
31,56,8,0,61,1
6,100,0,1,83,0
2,114,8,0,46,1
20,76,9,1,46,0
28,27,6,1,17,0
11,98,3,0,66,0
4,114,2,0,5,0
15,113,9,0,54,1
6,39,5,1,16,0
54,72,0,0,81,0
49,31,2,0,91,0
30,68,1,0,7,0
56,36,8,0,8,1
38,83,2,1,72,0
51,61,1,1,87,0
57,113,3,1,96,0
2,48,1,1,82,0
15,38,0,1,38,0
11,30,5,1,54,0
8,117,9,1,76,0
26,69,7,0,15,1
51,90,9,1,92,0
45,77,9,1,50,0
44,53,1,1,56,0
5,39,8,1,95,0
6,69,2,0,9,0
26,107,7,1,8,0
54,29,7,1,19,0
4,51,2,0,51,0
19,71,2,1,72,0
20,34,5,1,98,0
33,103,0,1,57,0
20,22,3,1,68,0
49,56,0,1,31,0
12,59,2,1,3,0
47,91,8,1,99,0
1,59,4,0,83,0
26,75,4,0,43,0
14,42,3,1,29,0
38,30,2,0,10,0
37,83,4,1,12,0
11,27,3,0,46,0
36,112,7,1,30,0
13,113,3,0,94,0
43,75,7,1,82,0
3,79,5,0,88,0
33,29,4,0,32,0
6,58,3,1,73,0
50,47,3,1,47,0
56,68,3,0,88,0
10,55,8,0,63,1
5,32,3,1,26,0
23,115,8,0,3,1
10,55,9,1,23,0
44,45,5,0,75,0
2,105,9,0,74,1
13,23,6,1,50,0
40,114,9,1,36,0
2,101,2,1,13,0
20,83,7,0,29,1
1,57,2,0,38,0
37,107,0,0,77,0
9,106,9,1,90,0
17,41,4,0,84,0
9,21,1,0,5,0
11,50,9,1,20,0
15,30,5,0,78,0
24,111,9,0,14,1
38,65,8,1,8,0
55,115,0,1,48,0
35,81,3,1,13,0
30,88,0,1,24,0
31,83,0,1,79,0
49,29,7,1,65,0
5,59,1,1,86,0
44,43,0,1,34,0
50,118,7,1,51,0
14,63,3,0,3,0
53,79,2,1,90,0
56,81,3,1,78,0
11,106,4,0,58,0
9,36,0,1,72,0
34,84,0,0,55,0
12,114,2,0,80,0
35,114,5,1,42,0
35,76,0,0,21,0
1,74,1,1,10,0
40,72,6,1,57,0
22,75,0,0,25,0
29,117,6,0,56,1
8,28,3,0,38,0
11,41,9,1,86,0
41,32,5,1,61,0
37,108,7,0,47,1
14,67,8,1,54,0
30,37,5,1,46,0
35,95,8,0,68,1
21,59,3,0,4,0
37,36,5,0,94,0
5,34,7,0,66,1
19,34,8,0,93,1
59,98,2,0,43,0
14,82,1,0,62,0
26,58,5,0,85,0
4,32,3,0,85,0
25,100,0,0,85,0
45,51,7,1,4,0
42,28,8,1,65,0
25,59,8,0,62,1
18,39,1,1,90,0
40,109,8,1,2,0
8,110,6,1,9,0
39,104,4,1,57,0
40,101,6,1,45,0
14,96,8,1,18,0
32,99,7,0,48,1
51,92,5,0,42,0
38,82,3,1,41,0
33,95,0,1,75,0
23,63,5,0,89,0
15,57,2,1,90,0
33,102,5,1,58,0
25,79,5,1,42,0
17,90,3,1,35,0
33,118,1,1,38,0
47,67,8,0,67,1
55,37,1,0,41,0
2,35,2,1,99,0
14,74,9,0,50,1
53,58,0,1,86,0
40,87,6,1,72,0
40,78,0,1,79,0
51,108,8,1,45,0
39,115,0,1,71,0
51,81,4,1,19,0
6,32,6,1,17,0
6,100,2,1,65,0
3,25,8,1,93,0
7,102,7,0,77,1
51,96,2,1,56,0
8,79,4,0,93,0
42,109,6,0,41,1
52,33,3,1,42,0
15,114,4,0,6,0
47,73,2,1,69,0
29,23,8,1,98,0
33,58,9,1,75,0
52,91,8,1,73,0
30,44,6,0,40,1
39,96,9,0,41,1
27,51,1,1,9,0
36,78,6,0,8,1
29,82,6,0,44,1
38,57,4,0,58,0
57,111,8,1,67,0
33,72,2,0,13,0
37,113,3,0,19,0
27,86,0,0,98,0
55,47,5,1,96,0
33,22,3,0,49,0
4,117,0,0,80,0
22,99,1,1,82,0
2,41,2,0,78,0
10,115,8,1,30,0
5,57,7,1,66,0
59,91,6,1,77,0
10,91,3,1,91,0
33,81,0,1,59,0
54,76,7,1,53,0
38,25,3,0,52,0
13,97,2,1,81,0
31,51,8,0,31,1
47,118,9,0,15,1
36,29,3,1,20,0
45,22,3,0,5,0
24,78,8,0,7,1
52,95,1,0,18,0
56,68,4,1,56,0
15,78,3,0,75,0
29,50,8,0,96,1
8,112,4,1,91,0
5,88,8,0,90,1
29,81,8,0,45,1
47,71,1,0,28,0
4,108,8,1,50,0
12,60,2,0,2,0
45,50,3,0,84,0
2,104,0,1,68,0
27,103,0,1,77,0
31,41,0,1,24,0
51,23,8,0,48,1
51,32,7,1,45,0
36,64,4,1,93,0
36,61,4,1,58,0
26,68,8,0,36,1
43,39,2,1,2,0
27,96,2,1,18,0
5,100,6,1,49,0
20,73,8,1,8,0
11,55,5,1,58,0
10,116,1,0,15,0
40,20,0,0,17,0
38,34,1,1,23,0
6,96,0,1,66,0
8,36,9,1,70,0
23,43,9,0,93,1
47,77,8,0,27,1
26,91,9,0,37,1
46,110,7,0,49,1
43,42,6,1,64,0
12,65,2,1,34,0
26,91,7,1,18,0
13,27,1,1,64,0
40,78,1,0,74,0
18,109,9,1,44,0
25,78,2,0,17,0
33,32,6,0,59,1
47,58,0,1,13,0
40,47,7,0,52,1
43,108,6,0,60,1
12,80,3,1,42,0
44,35,4,0,91,0
36,21,9,0,64,1
48,101,0,1,66,0
4,36,3,0,34,0
5,49,0,0,95,0
56,32,0,1,87,0
37,115,9,0,71,1
8,112,0,1,64,0
42,113,6,0,33,1
49,101,6,0,12,1
28,32,3,1,76,0
31,62,1,1,19,0
58,104,2,0,9,0
9,113,7,1,74,0
54,40,7,0,17,1
51,74,5,1,50,0
29,100,9,0,39,1
14,59,8,0,41,1
40,102,8,0,10,1
41,34,3,0,12,0
22,92,0,0,79,0
11,71,0,1,95,0
23,93,9,1,15,0
1,114,4,0,28,0
46,72,1,0,4,0
37,106,5,1,36,0
21,71,6,1,65,0
26,49,0,1,98,0
46,52,5,1,47,0
36,76,7,1,81,0
54,71,4,0,39,0
23,28,6,0,38,1
57,73,9,1,44,0
1,20,5,1,51,0
54,63,3,1,97,0
55,118,6,1,85,0
51,94,9,1,26,0
40,117,8,1,36,0
15,99,9,1,69,0
21,28,9,1,97,0
47,51,6,1,1,0
9,34,4,0,53,0
53,31,6,1,6,0
9,116,2,1,37,0
10,97,1,0,2,0
52,76,4,0,69,0
57,27,3,0,90,0
53,91,4,1,41,0
26,46,7,1,51,0
41,81,3,1,47,0
35,31,8,1,13,0
52,84,6,0,76,1
25,61,9,1,69,0
26,81,6,1,66,0
11,30,7,0,59,1
38,62,5,1,68,0
2,114,7,1,59,0
7,36,2,1,91,0
18,116,9,1,10,0
27,51,9,0,13,1
34,112,0,0,2,0
27,104,5,0,90,0
17,104,0,0,15,0
43,59,8,1,46,0
59,42,1,1,57,0
44,75,1,1,10,0
59,25,6,0,22,1
51,105,1,0,89,0
54,69,9,0,79,1
24,56,7,1,77,0
25,83,5,1,8,0
7,73,6,0,21,1
52,91,6,0,85,1
6,68,5,1,22,0
53,118,9,1,97,0
24,30,8,1,45,0
33,107,8,0,91,1
49,68,6,0,40,1
29,40,8,0,22,1
43,85,9,0,30,1
22,82,2,1,62,0
26,102,2,1,73,0
28,47,0,1,45,0
50,36,4,0,35,0
21,25,3,1,82,0
49,38,1,1,42,0
7,75,8,1,5,0
17,47,2,1,27,0
20,85,7,1,70,0
41,57,5,0,62,0
49,56,4,1,32,0
20,87,0,1,8,0
54,105,3,0,85,0
22,109,2,0,18,0
28,68,0,1,78,0
40,62,4,1,15,0
49,55,5,1,26,0
7,77,1,1,53,0
1,32,2,0,44,0
32,71,5,1,32,0
13,77,3,0,28,0
30,51,8,1,39,0
23,100,4,1,32,0
51,119,3,1,77,0
59,79,1,0,79,0
56,102,5,1,18,0
19,77,9,1,70,0
32,118,1,0,11,0
30,75,6,1,32,0
29,47,2,0,20,0
49,20,8,1,97,0
45,61,4,0,40,0
29,101,7,0,8,1
30,67,5,0,35,0
16,59,9,1,69,0
40,116,7,0,99,1
19,82,2,0,78,0
18,95,2,1,21,0
1,91,4,0,24,0
14,107,9,1,17,0
51,99,2,1,18,0
47,23,7,0,98,1
50,57,9,0,12,1
2,46,7,1,16,0
54,28,1,0,4,0
28,35,3,0,89,0
49,75,9,0,34,1
50,95,0,0,92,0
30,50,3,1,46,0
38,107,3,1,75,0
51,33,9,0,77,1
4,44,8,1,31,0
1,53,2,0,25,0
8,86,1,0,74,0
29,43,8,0,24,1
55,92,8,0,65,1
39,45,0,1,25,0
3,39,5,0,28,0
32,83,9,1,36,0
10,29,7,0,82,1
10,102,2,1,6,0
19,86,8,1,66,0
46,43,1,1,67,0
34,24,5,1,72,0
33,86,0,0,95,0
23,77,6,1,48,0
55,46,2,0,83,0
28,99,6,1,70,0
32,34,3,1,78,0
50,54,8,1,67,0
7,95,4,0,48,0
29,72,2,1,65,0
8,63,7,0,44,1
1,45,5,0,94,0
57,66,1,0,63,0
55,53,2,1,46,0
3,106,7,1,19,0
24,114,9,1,64,0
23,69,6,1,83,0
59,103,9,1,73,0
8,31,5,1,71,0
54,106,0,1,50,0
57,23,8,0,63,1
47,106,2,1,41,0
37,67,4,0,7,0
3,74,6,0,9,1
51,20,6,1,4,0
33,108,2,1,89,0
28,85,3,0,49,0
47,49,9,0,76,1
8,22,6,1,6,0
34,40,7,0,82,1
35,108,1,0,21,0
32,103,8,0,15,1
24,68,6,0,67,1
14,105,7,1,66,0
32,104,5,1,56,0
56,81,5,0,68,0
46,116,8,0,32,1
43,57,3,0,66,0
16,34,4,1,29,0
4,71,8,1,66,0
52,98,0,0,34,0
37,65,3,0,27,0
54,44,6,0,60,1
21,40,8,1,39,0
14,107,9,0,44,1
31,24,5,0,82,0
55,89,7,0,36,1
48,66,8,0,19,1
18,106,9,0,91,1
7,87,3,1,45,0
10,110,0,1,84,0
7,37,7,1,21,0
33,40,1,0,23,0
23,111,0,1,94,0
21,118,6,0,89,1
19,105,9,1,95,0
48,42,8,1,27,0
19,83,8,0,98,1
36,86,2,0,72,0
29,59,5,0,19,0
18,29,6,1,41,0
2,108,9,0,26,1
1,71,8,1,28,0
47,91,1,1,64,0
5,94,7,1,68,0
20,80,6,0,95,1
11,83,3,0,80,0
42,24,1,0,51,0
2,72,7,1,74,0
3,74,4,1,48,0
23,56,5,0,10,0
55,75,6,1,73,0
12,78,9,1,39,0
20,112,0,1,19,0
5,88,7,0,64,1
37,92,3,1,19,0
38,78,8,1,76,0
30,21,0,0,62,0
9,84,1,0,13,0
34,79,5,0,25,0
53,70,9,0,89,1
44,49,0,0,92,0
35,30,3,0,42,0
52,111,7,1,39,0
58,95,9,1,30,0
22,58,4,1,5,0
44,109,8,1,81,0
24,96,5,0,18,0
17,91,0,1,21,0
10,82,5,0,86,0
30,83,5,0,50,0
56,80,5,1,6,0
59,73,7,1,50,0
46,111,5,0,80,0
23,113,4,0,66,0
32,92,1,0,1,0
17,114,3,0,57,0
50,77,9,1,30,0
51,104,4,0,58,0
17,75,9,1,52,0
14,53,3,0,37,0
9,50,1,0,48,0
40,71,6,0,87,1
2,108,9,1,1,0
45,95,9,0,19,1
25,20,1,1,46,0
39,74,0,1,67,0
9,41,4,1,2,0
54,59,0,0,56,0
22,20,0,1,17,0
43,84,0,1,92,0
46,82,5,0,82,0
4,73,8,0,97,1
26,61,9,1,79,0
58,40,0,1,22,0
29,98,4,0,27,0
45,100,8,1,55,0
34,41,8,1,32,0
23,57,0,1,60,0
37,118,7,0,83,1
11,99,0,1,28,0
6,27,7,0,28,1
18,81,0,0,74,0
21,66,4,0,84,0
42,36,7,1,25,0
36,36,5,0,85,0
41,109,8,1,78,0
38,32,0,0,86,0
34,36,8,1,26,0
17,57,0,1,75,0
37,100,9,1,71,0
25,97,9,0,17,1
38,64,2,1,82,0
58,25,0,1,7,0
12,54,2,0,56,0
23,33,1,0,64,0
53,91,1,1,20,0
42,80,8,0,38,1
22,34,7,0,75,1
21,73,0,0,58,0
27,46,3,1,16,0
57,32,0,0,51,0
31,50,0,1,27,0
6,54,3,0,51,0
27,79,1,0,75,0
40,25,2,1,16,0
34,88,8,0,87,1
12,105,1,0,60,0
45,77,3,0,76,0
57,68,0,0,40,0
53,42,1,1,67,0
7,108,4,1,2,0
10,53,9,1,48,0
45,45,0,1,52,0
17,66,6,1,24,0
26,24,3,1,93,0
21,109,5,1,98,0
28,39,7,0,84,1
58,25,5,1,82,0
46,89,1,1,78,0
2,78,0,1,82,0
54,83,7,0,2,1
43,37,7,1,65,0
1,23,8,1,20,0
51,36,5,1,34,0
53,33,0,0,41,0
36,97,8,1,41,0
51,32,2,0,75,0
26,26,5,0,91,0
29,63,9,0,23,1
21,34,9,0,38,1
11,38,8,1,44,0
40,82,2,0,67,0
11,54,4,0,62,0
36,100,4,1,12,0
49,54,9,0,30,1
59,38,6,0,95,1
39,39,3,0,87,0
40,119,3,0,65,0
35,54,6,0,41,1
54,51,8,0,20,1
34,67,3,1,6,0
55,63,3,1,75,0
47,43,5,1,99,0
24,80,5,1,4,0
54,36,6,0,93,1
22,90,0,0,10,0
5,69,2,0,51,0
56,84,8,1,93,0
33,118,5,1,38,0
58,51,5,0,1,0
36,55,4,0,8,0
47,32,2,1,81,0
20,89,4,1,83,0
19,77,0,1,63,0
35,33,2,1,33,0
52,56,3,0,15,0
43,98,4,1,31,0
17,87,9,1,21,0
59,59,8,0,3,1
45,78,3,0,66,0
43,99,2,0,35,0
34,111,9,1,41,0
9,35,0,1,59,0
26,81,9,1,16,0
2,23,5,1,56,0
53,64,6,0,45,1
9,109,9,0,59,1
9,47,7,1,50,0
40,115,0,1,85,0
17,85,3,1,12,0
1,50,4,0,92,0
25,22,1,1,12,0
43,27,0,0,33,0
40,43,7,1,84,0
42,34,5,0,49,0
25,62,4,0,21,0
39,50,8,1,60,0
35,92,1,0,52,0
3,64,9,0,54,1
50,85,7,1,39,0
37,27,9,0,49,1
44,90,8,1,64,0
44,76,0,0,86,0
51,99,6,0,26,1
30,118,7,0,71,1
38,49,2,0,7,0
34,93,3,1,72,0
12,37,2,1,62,0
19,88,6,1,90,0
37,112,8,0,88,1
44,58,2,0,24,0
59,79,5,1,40,0
59,117,7,1,76,0
49,62,5,1,47,0
17,64,1,1,8,0
10,42,6,0,54,1
57,88,1,1,9,0
55,113,1,0,3,0
49,25,1,1,54,0
47,75,0,0,21,0
12,23,0,1,95,0
16,112,6,1,48,0
24,42,4,0,47,0
19,25,2,0,88,0
8,51,0,1,68,0
31,37,9,0,84,1
21,34,5,1,63,0
17,59,0,0,16,0
23,115,8,1,74,0
37,92,1,1,90,0
54,93,0,1,93,0
16,103,6,1,5,0
6,25,5,1,11,0
8,82,5,1,29,0
25,86,4,1,79,0
18,30,3,1,70,0
25,62,3,0,48,0
12,36,2,0,15,0
15,115,9,0,84,1
59,23,7,1,34,0
26,82,6,1,60,0
41,87,8,1,62,0
45,100,0,0,2,0
26,60,6,0,80,1
47,102,9,0,19,1
32,24,3,0,98,0
10,51,6,0,49,1
16,105,0,1,78,0
7,89,4,0,88,0
17,54,2,1,28,0
23,41,4,1,48,0
26,84,3,1,96,0
21,103,1,0,37,0
22,41,3,0,74,0
58,30,2,1,49,0
7,96,0,0,48,0
14,22,9,0,73,1
15,28,7,1,88,0
53,79,4,1,29,0
7,95,3,1,60,0
9,106,9,1,29,0
51,33,4,1,58,0
48,116,3,0,48,0
8,37,2,1,23,0
50,92,4,0,27,0
59,42,3,0,95,0
23,93,0,1,7,0
29,102,2,1,49,0
18,66,9,0,54,1
31,88,9,1,68,0
30,66,7,0,78,1
52,106,6,1,42,0
39,49,1,1,74,0
35,44,0,0,59,0
18,47,2,0,44,0
59,117,4,1,98,0
42,44,9,1,26,0
39,93,0,1,23,0
17,97,2,0,73,0
14,77,2,1,8,0
31,113,4,1,53,0
24,60,2,1,14,0
35,44,8,1,71,0
44,97,0,0,7,0
45,118,3,0,9,0
34,67,9,0,3,1
3,117,9,1,78,0
37,29,3,1,17,0
43,118,0,1,44,0
40,94,1,0,86,0
26,30,0,0,46,0
55,104,5,0,90,0
23,40,2,0,58,0
44,105,6,1,28,0
39,64,4,0,14,0
15,26,8,0,9,1
56,100,6,1,26,0
49,83,3,0,2,0
4,83,4,1,75,0
29,21,4,1,81,0
22,95,4,1,34,0
25,61,9,1,19,0
13,101,8,1,39,0
18,73,9,0,82,1
33,94,2,0,13,0
16,35,5,1,5,0
45,37,7,0,50,1
42,118,8,1,23,0
44,78,6,0,88,1
2,109,2,0,29,0
55,35,0,0,72,0
35,25,3,0,26,0
42,76,5,0,79,0
34,66,2,0,57,0
30,67,0,0,1,0
59,61,5,1,28,0
55,95,0,1,62,0
13,79,8,1,47,0
13,96,0,0,78,0
18,23,5,0,98,0
32,21,0,1,59,0
32,109,6,1,31,0
35,78,2,0,70,0
59,46,5,1,49,0
39,46,6,1,5,0
46,98,0,1,31,0
52,91,0,1,37,0
29,26,4,0,79,0
49,82,5,1,15,0
29,65,8,1,52,0
53,82,0,1,69,0
44,31,3,1,92,0
57,32,9,0,97,1
16,62,7,1,11,0
56,36,9,1,43,0
44,82,8,1,70,0
47,100,2,1,23,0
57,55,1,1,40,0
10,104,3,0,63,0
30,27,1,1,2,0
25,88,0,1,79,0
39,109,2,0,87,0
20,99,6,1,86,0
5,55,0,0,73,0
1,47,1,1,47,0
30,112,0,0,30,0
49,66,7,0,16,1
3,95,4,1,59,0
45,49,7,0,47,1
14,42,2,1,30,0
56,35,6,0,9,1
30,33,7,0,65,1
50,93,5,1,59,0
4,90,6,0,64,1
18,71,1,1,8,0
37,56,7,0,52,1
25,48,4,0,18,0
48,86,6,1,91,0
1,34,0,1,82,0
53,119,4,0,96,0
46,66,0,1,58,0
15,65,7,1,49,0
9,71,3,0,32,0
15,38,3,0,48,0
49,96,1,1,45,0
57,40,4,0,54,0
24,83,0,1,85,0
4,56,8,1,46,0
12,46,4,1,96,0
59,74,5,1,31,0
58,48,1,1,37,0
37,39,9,1,16,0
37,44,9,0,46,1
43,89,0,1,46,0
6,82,3,0,78,0
39,55,6,1,88,0
56,21,5,0,89,0
46,41,9,0,61,1
24,115,0,0,46,0
11,35,0,1,51,0
13,37,7,0,62,1
34,88,3,0,35,0
25,73,4,1,81,0
7,119,6,0,42,1
52,49,7,0,45,1
4,64,9,1,68,0
59,38,6,0,75,1
8,106,1,0,47,0
20,53,3,1,79,0
29,32,9,0,30,1
54,62,0,0,24,0
53,81,9,0,66,1
51,112,8,0,43,1
45,119,2,1,34,0
46,41,2,1,23,0
10,71,9,1,61,0
43,71,8,1,95,0
34,55,9,0,37,1
57,92,2,1,13,0
26,38,7,1,97,0
41,57,1,0,71,0
49,89,2,0,96,0
58,98,1,0,7,0
3,76,0,1,42,0
56,39,1,0,38,0
6,28,7,0,52,1
5,51,8,0,44,1
5,23,1,1,64,0
54,69,6,1,13,0
47,101,4,1,88,0
23,24,2,1,28,0
49,39,8,1,96,0
9,106,5,1,82,0
35,94,0,1,98,0
20,56,4,0,98,0
58,41,6,0,1,1
49,77,3,0,43,0
59,87,7,1,42,0
42,112,9,1,95,0
35,63,4,0,50,0
50,53,8,0,60,1
18,96,8,1,1,0
17,61,8,1,51,0
24,28,0,1,16,0
3,114,1,1,39,0
32,26,2,1,15,0
35,87,3,1,33,0
38,38,9,1,87,0
13,113,8,1,53,0
56,50,9,0,98,1
47,54,5,1,17,0
25,76,0,1,89,0
9,104,8,1,6,0
4,80,5,0,31,0
14,50,3,0,69,0
37,102,3,1,40,0
34,114,2,0,30,0
11,72,6,0,69,1
41,51,2,0,76,0
56,85,1,1,7,0
3,78,9,1,13,0
59,29,7,1,4,0
28,21,3,1,50,0
29,85,7,1,3,0
9,79,0,1,12,0
3,107,4,1,65,0
25,36,8,0,27,1
34,115,0,1,50,0
12,35,3,1,77,0
42,35,5,1,17,0
9,65,9,1,72,0
15,58,7,1,32,0
40,50,2,1,84,0
25,107,4,1,51,0
5,20,6,1,17,0
11,30,0,0,34,0
59,104,6,0,35,1
34,23,7,1,99,0
24,90,7,1,24,0
15,45,8,0,54,1
38,69,5,1,18,0
8,31,5,1,50,0
59,114,1,0,46,0
5,100,2,1,48,0
48,116,3,1,33,0
26,94,3,1,87,0
18,111,7,0,89,1
6,115,0,0,27,0
37,84,9,1,1,0
48,66,3,0,85,0
13,111,3,0,59,0
28,72,0,0,10,0
5,90,2,1,95,0
13,21,4,0,25,0
17,43,5,0,84,0
50,23,8,0,57,1
40,38,8,1,66,0
45,45,8,0,15,1
32,94,0,0,28,0
29,59,8,1,13,0
51,69,7,0,14,1
58,62,1,0,66,0
3,94,0,0,34,0
56,86,0,1,99,0
40,31,5,1,25,0
34,86,8,0,54,1
40,46,6,0,79,1
27,73,4,0,12,0
13,85,1,0,9,0
45,68,0,0,31,0
33,35,1,0,78,0
6,21,0,1,93,0
24,79,2,0,53,0
19,73,5,0,43,0
16,49,7,0,38,1
40,103,2,1,42,0
28,57,9,0,72,1
33,47,8,1,48,0
59,44,9,0,67,1
59,115,4,0,66,0
48,29,6,0,16,1
41,79,7,0,83,1
13,61,2,0,94,0
43,59,1,0,16,0
45,116,1,1,31,0
25,96,4,0,58,0
53,61,0,0,28,0
42,66,1,0,4,0
36,56,8,1,10,0
27,99,6,0,51,1
38,41,5,1,18,0
7,76,8,0,47,1
5,103,6,0,32,1
43,46,4,1,30,0
45,60,8,1,36,0
58,99,5,0,9,0
57,53,5,1,36,0
51,51,3,1,29,0
31,109,0,0,16,0
23,108,4,0,92,0
42,85,8,0,21,1
10,31,7,1,64,0
32,59,7,0,66,1
43,92,4,0,59,0
53,95,8,1,99,0
30,109,2,1,28,0
39,92,2,0,55,0
31,29,0,1,31,0
18,115,8,1,33,0
36,117,5,1,87,0
2,67,1,0,60,0
14,39,7,0,41,1
13,58,8,0,81,1
29,79,8,1,46,0
12,85,1,0,49,0
39,84,1,0,65,0
2,70,6,1,42,0
32,55,3,1,23,0
13,43,0,0,27,0
46,46,7,1,89,0
27,21,1,0,32,0
49,50,2,0,83,0
41,76,4,0,88,0
17,97,2,1,3,0
40,85,6,1,60,0
31,48,6,0,76,1
34,34,1,0,99,0
24,31,6,0,79,1
45,47,5,0,17,0
35,103,9,1,32,0
48,43,8,0,7,1
6,40,8,0,83,1
19,29,1,1,71,0
30,97,6,0,69,1
7,37,4,0,58,0
10,107,5,0,40,0
41,33,0,0,85,0
32,53,6,0,48,1
34,77,5,1,51,0
28,95,3,1,57,0
15,41,0,1,71,0
30,89,8,1,37,0
37,55,3,0,87,0
29,64,1,1,75,0
22,55,7,1,74,0
4,41,1,1,85,0
20,97,4,1,55,0
32,99,5,1,41,0
36,80,7,1,97,0
50,119,0,1,20,0
4,75,0,1,33,0
27,108,3,0,40,0
17,115,4,1,99,0
12,52,8,0,34,1
22,64,6,1,62,0
17,55,6,1,91,0
10,39,7,1,19,0
54,37,4,0,43,0
1,57,4,0,69,0
22,86,0,1,63,0
26,42,8,0,93,1
56,115,5,1,10,0
59,35,8,0,13,1
18,78,2,0,93,0
50,88,4,0,5,0
14,87,1,1,58,0
47,40,9,0,59,1
29,97,4,0,76,0
12,114,7,1,59,0
36,97,1,0,77,0
59,89,7,1,86,0
35,31,3,1,15,0
52,35,9,0,77,1
12,100,9,1,1,0
7,106,0,0,38,0
29,33,4,0,53,0
11,80,0,1,52,0
33,90,6,0,1,1
6,65,7,0,11,1
47,51,2,1,58,0
15,34,2,1,40,0
32,63,6,0,86,1
51,36,3,1,99,0
11,60,2,1,60,0
58,73,7,1,44,0
23,63,2,1,6,0
26,117,6,0,28,1
34,24,1,0,31,0
46,46,0,1,8,0
34,106,5,0,5,0
29,97,7,1,54,0
4,98,0,1,17,0
17,62,9,0,38,1
35,116,8,0,9,1
13,50,2,0,74,0
41,118,2,0,84,0
39,36,3,1,78,0
15,111,0,1,14,0
55,102,8,0,26,1
29,73,2,1,93,0
29,81,9,0,62,1
11,106,3,0,91,0
52,51,0,0,25,0
32,59,3,1,80,0
2,32,0,1,36,0
47,103,4,0,98,0
14,54,4,0,80,0
20,24,6,0,33,1
22,92,7,0,3,1
11,48,3,1,87,0
27,89,6,1,11,0
3,44,3,0,58,0
17,114,2,0,64,0
44,41,5,1,18,0
56,85,3,0,47,0
28,64,2,1,44,0
29,88,8,1,93,0
21,110,4,0,59,0
47,108,6,1,50,0
16,91,5,1,69,0
37,20,9,1,88,0
59,103,4,1,29,0
20,63,6,0,93,1
6,106,5,1,90,0
19,115,9,1,67,0
57,94,1,1,2,0
5,58,2,0,25,0
3,73,1,0,19,0
59,107,2,0,40,0
1,94,0,1,2,0
58,48,7,0,83,1
38,73,5,0,65,0
15,109,1,0,62,0
34,35,7,1,91,0
35,118,5,0,54,0
49,39,6,0,45,1
25,65,0,0,49,0
24,86,6,1,99,0
12,84,2,1,69,0
18,77,7,0,38,1
15,72,5,0,4,0
44,20,3,0,17,0
16,100,7,1,53,0
27,85,8,1,85,0
8,48,9,0,53,1
46,103,1,1,31,0
25,89,5,0,22,0
17,27,4,1,11,0
29,48,4,0,34,0
53,70,9,1,15,0
8,52,2,0,10,0
15,22,7,1,96,0
27,79,7,0,53,1
46,54,4,0,48,0
50,88,7,0,31,1
52,110,9,0,37,1
7,95,7,1,28,0
3,103,2,0,31,0
29,39,1,1,70,0
44,92,8,1,14,0
53,58,1,0,87,0
24,23,8,0,16,1
58,38,3,0,25,0
3,110,1,0,39,0
20,64,9,1,66,0
46,62,0,1,38,0
15,32,3,1,41,0
25,32,8,1,98,0
30,79,8,0,40,1
14,76,3,1,64,0
7,105,8,0,89,1
17,111,5,0,16,0
44,71,0,1,82,0
20,72,9,1,77,0
36,105,5,1,59,0
9,62,8,1,91,0
38,102,1,1,98,0
48,91,5,1,11,0
57,91,1,0,1,0
22,61,3,0,13,0
54,109,7,0,30,1
53,45,6,1,69,0
53,42,8,0,18,1
2,62,6,0,78,1
24,96,0,0,13,0
8,47,1,0,32,0
11,28,5,0,71,0
13,39,6,0,72,1
17,75,2,1,50,0
8,102,8,1,71,0
21,58,6,1,80,0
18,70,5,0,31,0
30,31,5,1,51,0
18,98,0,1,27,0
46,114,4,0,60,0
47,74,9,1,33,0
31,97,2,0,53,0
38,30,6,1,93,0
32,45,9,0,72,1
11,61,2,0,33,0
45,46,4,1,41,0
25,30,6,0,19,1
33,57,2,1,85,0
38,117,9,0,41,1
41,62,1,1,85,0
8,38,5,1,89,0
11,83,7,0,42,1
22,25,3,1,23,0
51,65,8,1,75,0
24,61,7,1,33,0
41,111,6,0,20,1
17,84,6,0,25,1
12,118,2,1,90,0
57,91,5,1,52,0
46,78,4,0,12,0
32,71,0,0,32,0
15,66,2,1,33,0
16,26,0,0,74,0
54,30,3,0,68,0
22,80,9,1,15,0
28,87,2,0,51,0
20,44,3,0,6,0
33,31,8,0,91,1
10,45,2,1,69,0
40,31,5,0,69,0
32,62,5,1,82,0
50,70,6,0,92,1
33,56,8,0,35,1
2,65,6,1,86,0
33,72,0,1,34,0
33,107,7,1,63,0
41,99,4,1,68,0
13,32,8,0,18,1
30,108,9,1,26,0
33,73,4,1,86,0
13,76,4,1,97,0
52,23,1,0,61,0
26,94,2,0,78,0
22,115,9,1,95,0
39,68,8,1,74,0
2,26,6,1,88,0
38,30,0,1,85,0
39,111,2,0,48,0
26,73,1,1,72,0
46,106,0,0,96,0
58,64,8,1,31,0
50,42,7,1,34,0
15,47,4,0,87,0
34,76,1,1,89,0
42,45,0,1,7,0
55,44,6,1,83,0
44,73,1,1,7,0
49,48,0,0,47,0
40,102,1,1,8,0
11,116,6,1,78,0
3,55,6,0,1,1
59,33,9,1,77,0
6,97,5,0,3,0
9,54,4,1,53,0
6,49,2,1,92,0
9,111,2,1,38,0
39,36,8,0,51,1
31,86,3,0,15,0
32,99,8,1,67,0
41,49,3,0,64,0
50,112,1,1,68,0
12,64,3,0,5,0
8,98,5,1,90,0
8,108,5,0,89,0
50,70,4,1,10,0
28,66,0,0,8,0
20,72,2,0,12,0
47,83,4,0,64,0
59,57,5,0,59,0
7,83,0,1,67,0
11,106,8,1,91,0
20,108,2,0,50,0
16,26,9,1,23,0
4,41,2,0,40,0
6,100,1,1,97,0
58,101,7,0,78,1
22,60,2,1,87,0
26,93,5,1,95,0
3,29,1,0,77,0
41,76,6,0,76,1
42,26,3,0,99,0
14,69,8,0,18,1
11,110,9,0,21,1
18,71,8,1,1,0
54,52,6,0,38,1
12,20,7,1,41,0
23,72,2,0,42,0
12,79,4,1,9,0
13,53,1,1,23,0
25,23,9,0,78,1
45,36,6,0,11,1
51,23,7,1,71,0
58,62,8,1,31,0
19,109,6,0,88,1
55,23,9,1,26,0
46,20,9,1,30,0
36,90,7,1,34,0
45,113,8,1,46,0
8,69,5,1,69,0
29,92,9,1,5,0
55,80,1,0,61,0
53,54,1,0,83,0
55,27,3,0,38,0
32,43,8,0,28,1
51,102,6,1,26,0
44,55,1,0,61,0
18,69,7,1,23,0
6,62,6,1,46,0
18,46,8,0,30,1
19,51,7,0,67,1
22,97,2,1,92,0
37,37,0,0,33,0
32,47,1,0,3,0
56,48,1,1,69,0
41,35,3,1,83,0
59,118,5,1,42,0
3,66,3,1,62,0
28,78,8,1,58,0
10,50,3,1,57,0
51,23,5,0,1,0
35,56,5,0,73,0
29,36,9,0,60,1
54,58,9,1,69,0
15,67,0,1,59,0
33,65,7,0,46,1
7,109,2,0,34,0
12,67,5,0,97,0
49,58,2,1,25,0
30,23,1,0,42,0
21,49,4,0,29,0
31,49,0,0,25,0
58,41,8,1,54,0
24,94,6,0,73,1
20,85,2,0,67,0
37,31,3,1,15,0
4,113,5,1,4,0
28,55,2,1,38,0
44,37,6,1,20,0
20,109,5,1,23,0
24,72,8,0,37,1
50,90,4,0,62,0
49,20,3,1,8,0
51,77,2,1,37,0
32,109,9,1,45,0
41,106,0,1,97,0
36,109,2,0,33,0
58,25,2,0,7,0
53,89,6,1,22,0
34,63,6,1,5,0
36,91,0,1,15,0
2,43,2,1,21,0
15,105,7,0,89,1
34,38,8,1,17,0
36,37,6,1,56,0
6,114,6,0,50,1
39,49,7,1,7,0
42,61,5,0,50,0
51,52,2,1,60,0
51,93,0,1,83,0
58,31,6,0,7,1
54,113,0,1,40,0
12,46,0,0,45,0
3,58,8,0,59,1
45,28,9,0,88,1
18,40,6,1,75,0
40,95,3,1,55,0
21,48,5,0,64,0
15,52,0,1,65,0
33,81,6,1,54,0
35,34,5,1,96,0
26,21,3,0,40,0
8,71,6,0,53,1
36,63,2,1,44,0
48,73,0,0,63,0
30,37,3,1,2,0
23,22,2,1,79,0
42,26,0,1,21,0
44,62,1,0,88,0
14,101,4,0,50,0
14,57,7,1,81,0
2,56,0,0,52,0
55,77,3,1,9,0
37,52,3,0,99,0
5,78,4,0,20,0
38,114,6,0,83,1
45,30,7,1,18,0
41,87,5,1,84,0
54,101,0,1,30,0
47,87,6,0,65,1
14,117,2,1,24,0
56,112,5,1,88,0
39,107,7,1,47,0
25,41,6,1,83,0
20,85,9,0,94,1
2,63,5,0,90,0
39,25,8,1,44,0
6,61,8,0,29,1
17,44,0,0,77,0
59,76,0,0,68,0
25,104,0,0,17,0
57,74,7,0,97,1
28,35,9,1,5,0
2,114,6,0,92,1
35,33,2,1,88,0
37,58,1,1,81,0
5,47,3,1,50,0
1,115,2,0,40,0
40,111,6,0,46,1
12,70,9,0,51,1
56,68,7,0,11,1
36,28,5,1,12,0
45,77,2,1,13,0
23,64,5,1,64,0
47,41,1,0,8,0
31,51,6,1,65,0
11,88,9,1,9,0
10,106,6,1,92,0
3,88,3,0,2,0
54,61,7,1,78,0
14,72,3,1,13,0
16,115,6,0,2,1
10,78,3,1,68,0
29,93,4,0,76,0
10,58,6,1,48,0
12,34,9,0,74,1
30,90,2,0,3,0
41,48,9,0,68,1
1,22,4,1,6,0
5,102,2,1,87,0
20,29,4,0,5,0
8,111,2,0,3,0
43,48,9,0,10,1
12,98,6,0,43,1
1,54,0,0,19,0
57,25,8,0,14,1
54,31,8,0,21,1
20,57,4,0,43,0
28,96,8,0,28,1
57,112,9,0,21,1
43,38,5,0,36,0
37,86,4,0,24,0
47,27,2,1,54,0
37,27,7,0,38,1
12,103,3,1,17,0
37,66,9,1,22,0
49,23,2,1,83,0
49,70,5,0,45,0
56,104,7,1,74,0
44,86,8,0,61,1
56,64,5,1,11,0
28,27,4,0,61,0
47,106,1,0,38,0
15,35,1,1,66,0
6,96,8,1,33,0
44,86,1,0,43,0
59,28,1,1,31,0
20,79,2,0,35,0
50,97,2,0,37,0
14,96,3,0,47,0
2,90,6,1,23,0
9,34,8,0,36,1
37,90,1,0,40,0
20,117,3,0,90,0
26,60,8,0,89,1
29,41,1,1,81,0
1,43,9,1,15,0
55,63,0,1,37,0
35,20,9,1,4,0
6,29,7,0,22,1
37,99,8,0,81,1
53,91,6,0,22,1
59,75,7,0,81,1
5,108,3,0,78,0
33,69,3,0,78,0
49,31,1,1,17,0
51,108,7,0,72,1
14,100,1,0,98,0
12,79,8,0,90,1
42,45,3,1,94,0
20,97,0,0,86,0
53,60,3,0,80,0
50,55,2,0,94,0
24,42,5,1,80,0
59,62,6,0,38,1
43,25,7,0,24,1
34,88,1,1,99,0
25,62,5,0,6,0
50,44,5,1,68,0
29,37,9,0,82,1
57,81,4,1,6,0
39,32,9,0,26,1
31,62,9,0,91,1
56,97,6,1,41,0
47,47,2,0,75,0
43,37,3,0,38,0
50,78,9,1,80,0
23,79,8,0,83,1
44,82,3,1,43,0
38,76,2,0,53,0
20,111,1,1,15,0
23,70,4,0,90,0
45,75,3,0,56,0
52,46,7,1,56,0
16,51,6,0,31,1
50,28,5,1,83,0
42,115,1,1,57,0
55,103,2,1,51,0
8,111,9,0,24,1
50,116,8,0,58,1
21,87,8,0,73,1
1,65,4,1,87,0
55,117,2,1,4,0
8,86,1,1,10,0
29,45,7,0,63,1
32,27,5,1,73,0
38,25,9,0,83,1
5,99,6,0,15,1
47,43,0,0,98,0
22,67,0,0,63,0
47,113,9,0,19,1
34,64,1,0,63,0
1,32,9,0,56,1
55,88,2,0,21,0
55,44,0,1,34,0
26,39,4,0,17,0
43,101,2,0,18,0
10,101,0,1,81,0
30,85,7,1,66,0
50,93,5,1,51,0
18,64,8,1,65,0
17,66,2,0,43,0
26,82,8,1,57,0
8,95,8,1,10,0
47,96,0,1,37,0
40,74,2,1,48,0
49,94,5,0,69,0
12,38,7,1,56,0
27,54,3,1,76,0
8,72,4,1,36,0
25,45,8,1,31,0
46,33,5,0,55,0
4,64,6,1,38,0
33,63,6,1,73,0
1,107,3,1,90,0
19,84,3,0,15,0
31,70,3,1,16,0
16,62,4,1,77,0
14,105,4,0,89,0
53,42,7,1,94,0
48,75,8,0,53,1
5,38,1,0,56,0
41,101,6,1,7,0
26,95,0,1,57,0
28,74,0,0,55,0
2,111,3,0,52,0
50,111,9,1,4,0
6,79,6,0,43,1
9,78,1,0,40,0
33,52,1,1,30,0
41,38,0,0,10,0
25,47,9,0,94,1
48,71,1,0,7,0
13,68,6,0,36,1
9,56,8,0,35,1
53,45,5,0,88,0
13,118,9,1,39,0
31,117,1,0,36,0
41,118,9,1,20,0
11,59,9,1,49,0
4,99,8,1,96,0
34,57,6,1,59,0
38,96,0,1,49,0
46,106,8,1,90,0
4,73,1,1,26,0
38,41,3,1,36,0
19,35,8,0,43,1
6,47,3,1,99,0
34,54,2,1,43,0
18,79,0,1,99,0
13,64,6,0,76,1
41,65,5,1,33,0
23,91,9,0,78,1
19,74,3,1,97,0
45,105,5,1,45,0
11,104,5,0,45,0
1,45,3,1,88,0
24,104,5,0,15,0
54,44,9,0,95,1
7,84,7,1,17,0
25,25,2,1,12,0
21,42,3,0,22,0
15,83,9,0,23,1
1,106,0,1,90,0
12,62,3,1,78,0
58,42,9,1,12,0
7,115,9,0,68,1
15,49,8,1,51,0
21,96,7,0,13,1
19,37,3,1,57,0
29,106,6,0,55,1
25,98,9,0,82,1
33,116,2,1,28,0
49,40,8,0,44,1
32,76,9,0,19,1
49,42,3,0,46,0
35,110,1,0,3,0
44,64,9,0,83,1
38,63,4,1,20,0
26,101,1,1,25,0
11,107,9,0,75,1
35,66,5,1,56,0
8,59,9,0,81,1
46,70,0,0,61,0
14,61,5,1,55,0
10,26,3,0,35,0
2,69,2,0,78,0
46,67,1,0,59,0
9,103,6,1,39,0
3,110,8,1,57,0
21,25,2,0,83,0
26,110,5,0,67,0
8,28,8,0,34,1
48,76,1,0,41,0
2,50,6,0,22,1
6,40,4,1,27,0
28,109,4,1,21,0
53,59,6,1,41,0
29,64,8,1,31,0
26,96,3,0,27,0
25,68,8,0,37,1
12,106,9,1,66,0
5,39,8,1,54,0
34,111,3,0,9,0
48,36,2,1,83,0
37,47,1,0,42,0
15,60,8,0,36,1
44,85,1,0,10,0
36,44,5,1,59,0
15,77,4,1,40,0
43,60,4,1,54,0
48,25,3,1,39,0
23,94,5,1,7,0
6,57,4,0,4,0
46,25,3,1,15,0
50,64,8,0,76,1
44,94,5,0,48,0
59,33,9,0,6,1
43,85,9,1,73,0
45,59,9,1,35,0
21,22,2,1,72,0
23,118,9,1,71,0
43,116,5,1,68,0
55,43,0,1,58,0
16,38,4,1,77,0
47,37,9,1,19,0
53,83,5,0,62,0
15,107,7,1,71,0
25,54,8,0,10,1
36,81,2,0,25,0
11,20,1,0,44,0
51,119,3,0,99,0
15,44,7,1,58,0
4,64,7,1,25,0
21,68,2,0,93,0
13,117,3,0,76,0
22,108,2,0,40,0
19,35,9,1,76,0
34,117,1,0,70,0
14,112,3,0,10,0
4,38,5,1,66,0
48,42,4,0,25,0
53,102,2,1,71,0
52,44,1,1,87,0
46,35,8,0,11,1
27,73,0,0,36,0
29,92,8,0,49,1
47,20,0,1,48,0
28,61,6,1,87,0
35,38,5,1,7,0
8,116,6,0,91,1
16,53,2,0,77,0
42,99,2,0,51,0
36,74,0,0,17,0
30,37,3,0,32,0
18,53,1,0,26,0
2,108,9,1,22,0
49,64,7,1,13,0
13,25,2,1,12,0
4,40,6,0,71,1
26,89,6,1,1,0
25,115,8,1,33,0
30,67,5,1,14,0
11,58,0,0,64,0
7,50,7,0,43,1
31,29,0,1,58,0
44,49,2,0,41,0
10,37,4,0,81,0
39,79,7,0,68,1
13,107,8,0,39,1
31,92,6,1,1,0
7,114,8,0,41,1
56,34,2,1,45,0
49,23,4,1,88,0
42,82,9,0,98,1
42,59,7,0,98,1
56,28,0,0,88,0
36,28,7,1,79,0
20,45,6,1,81,0
4,23,0,1,13,0
54,100,9,1,71,0
7,35,9,1,9,0
54,34,5,1,63,0
1,118,0,1,99,0
44,71,1,0,23,0
56,88,4,1,54,0
45,24,1,1,47,0
42,39,9,1,39,0
47,98,0,1,87,0
59,37,5,0,26,0
13,21,7,1,1,0
55,112,7,1,14,0
22,32,7,0,96,1
54,23,5,0,74,0
21,61,2,1,65,0
22,93,0,1,69,0
28,80,1,1,67,0
9,114,4,1,49,0
26,27,9,1,50,0
9,86,4,1,58,0
15,82,9,0,53,1
10,28,0,0,91,0
24,113,0,1,57,0
58,30,8,1,86,0
57,118,1,1,18,0
42,61,6,0,16,1
8,32,9,1,2,0
24,55,3,0,13,0
16,32,6,0,45,1
49,31,7,1,80,0
26,56,4,0,72,0
27,93,0,1,43,0
37,92,3,0,72,0
4,71,9,1,54,0
50,90,2,1,74,0
24,21,9,0,97,1
19,75,4,0,31,0
36,79,9,0,76,1
39,42,9,1,9,0
10,59,5,0,73,0
25,83,1,0,48,0
18,104,6,1,18,0
19,42,2,1,94,0
36,48,0,0,96,0
10,97,9,0,87,1
33,109,2,0,11,0
55,70,8,1,62,0
50,88,9,1,84,0
5,114,5,0,19,0
47,108,5,1,90,0
49,50,3,0,74,0
35,69,7,0,24,1
44,39,4,1,13,0
34,74,6,0,46,1
33,100,8,0,53,1
55,21,4,1,98,0
21,44,4,0,29,0
17,32,3,0,36,0
22,111,5,1,71,0
48,89,1,0,94,0
37,86,2,0,17,0
15,77,0,1,48,0
35,118,1,1,77,0
28,101,1,1,24,0
7,94,7,0,54,1
32,103,7,1,95,0
11,83,1,0,91,0
10,88,5,1,85,0
9,102,4,0,1,0
14,105,2,0,79,0
13,78,4,1,67,0
57,79,4,0,6,0
25,102,4,0,78,0
2,81,2,1,55,0
35,35,2,0,38,0
7,107,3,0,33,0
21,87,6,0,8,1
18,34,1,1,90,0
3,108,9,1,79,0
42,74,3,1,78,0
54,54,3,1,20,0
39,74,0,1,55,0
41,33,9,1,48,0
49,68,7,1,83,0
11,102,0,1,56,0
39,119,7,0,97,1
24,26,6,0,88,1
46,49,8,0,10,1
19,102,7,0,52,1
4,68,4,1,50,0
26,108,7,0,34,1
38,35,9,0,36,1
42,70,2,0,61,0
32,91,9,0,16,1
39,101,6,0,79,1
45,111,3,1,18,0
46,99,4,1,71,0
36,102,8,0,47,1
40,61,6,0,86,1
37,36,3,0,32,0
33,82,5,0,43,0
36,64,9,1,83,0
3,96,6,0,40,1
9,26,9,1,65,0
8,46,8,0,35,1
33,29,3,1,69,0
59,53,9,1,50,0
6,55,2,1,12,0
41,44,7,0,76,1
39,25,0,0,85,0
4,43,8,1,58,0
13,37,0,0,83,0
49,106,1,0,63,0
2,25,7,1,73,0
5,48,8,0,49,1
44,44,6,1,36,0
27,74,2,0,54,0
32,100,6,0,47,1
21,65,5,1,32,0
8,43,1,1,99,0
38,94,2,1,95,0
8,45,9,1,53,0
50,117,9,0,32,1
3,47,4,0,62,0
54,22,9,0,37,1
44,94,3,1,96,0
58,57,1,0,38,0
3,80,3,0,30,0
22,97,7,0,58,1
6,70,4,1,32,0
2,109,4,1,66,0
23,67,9,0,51,1
44,40,2,0,11,0
2,73,7,1,59,0
38,75,5,1,20,0
17,113,1,1,37,0
35,78,1,1,73,0
34,91,8,0,49,1
23,70,6,1,19,0
30,39,9,0,55,1
52,115,8,1,40,0
8,105,5,0,7,0
22,78,4,0,5,0
44,90,0,1,42,0
58,28,5,0,88,0
36,20,5,0,48,0
5,48,2,0,7,0
13,82,2,1,11,0
29,91,2,1,73,0
31,75,2,1,49,0
47,87,6,0,30,1
57,54,9,0,41,1
55,22,1,0,3,0
16,26,9,0,86,1
42,46,9,1,40,0
30,20,1,0,51,0
57,110,2,0,84,0
55,99,9,0,32,1
16,90,6,1,48,0
12,63,2,0,71,0
17,106,6,1,71,0
16,60,8,1,20,0
12,94,9,0,89,1
8,61,3,0,35,0
20,52,6,0,24,1
3,69,8,0,40,1
16,82,7,1,77,0
30,119,7,1,52,0
45,56,8,1,39,0
23,78,4,1,68,0
28,100,4,1,61,0
51,118,2,1,76,0
40,67,4,1,81,0
54,24,7,1,65,0
5,67,4,1,62,0
20,115,3,1,81,0
40,22,7,0,2,1
56,66,6,0,6,1
44,81,5,0,75,0
1,118,4,1,43,0
57,33,4,0,82,0
30,82,9,1,40,0
21,80,1,1,89,0
20,50,3,0,39,0
6,114,7,1,28,0
22,36,7,0,80,1
18,43,0,1,63,0
8,42,1,1,64,0
39,101,4,0,12,0
32,69,8,0,41,1
33,97,9,0,29,1
53,98,6,0,23,1
16,98,9,0,85,1
12,89,4,0,80,0
38,46,0,1,51,0
52,34,5,1,45,0
34,69,7,1,90,0
14,55,6,1,22,0
36,27,1,0,10,0
33,98,4,1,7,0
23,22,3,1,73,0
50,81,8,0,89,1
45,66,9,1,15,0
2,96,0,0,77,0
41,117,5,0,46,0
21,107,2,0,90,0
2,115,8,1,85,0
27,80,4,0,87,0
57,51,5,1,61,0
9,113,8,1,92,0
1,32,8,1,61,0
11,20,7,0,51,1
3,53,8,0,38,1
52,81,3,0,12,0
23,98,5,1,88,0
26,97,4,1,77,0
4,112,4,0,66,0
18,117,3,1,54,0
55,101,1,0,39,0
6,90,5,0,76,0
35,112,8,1,39,0
22,50,0,1,78,0
43,83,6,0,30,1
15,44,5,1,48,0
22,57,2,0,83,0
37,33,0,0,31,0
52,27,3,1,25,0
42,110,8,0,68,1
12,73,1,1,51,0
47,21,2,0,13,0
49,100,1,1,63,0
42,97,1,1,42,0
38,108,9,0,54,1
18,75,7,1,67,0
45,113,2,1,80,0
35,112,6,0,90,1
30,103,7,1,56,0
24,104,2,0,19,0
42,80,1,1,46,0
30,41,7,0,15,1
14,54,2,0,32,0
6,35,6,0,49,1
3,69,0,0,21,0
16,62,5,1,65,0
7,36,8,0,70,1
52,99,2,1,27,0
14,77,6,0,23,1
9,21,5,1,47,0
15,23,7,0,95,1
21,104,2,1,12,0
35,58,2,1,85,0
2,117,3,0,66,0
27,113,2,0,5,0
2,25,8,0,9,1
35,100,3,1,20,0
18,108,5,1,82,0
14,88,7,1,63,0
20,88,7,1,86,0
18,39,4,0,72,0
10,83,4,0,98,0
25,35,5,0,73,0
2,70,9,0,71,1
25,56,6,1,30,0
54,92,9,1,82,0
33,88,6,0,91,1
36,61,3,1,16,0
31,76,5,0,85,0
14,85,6,1,5,0
1,28,4,1,29,0
46,119,4,1,47,0
16,105,1,1,22,0
54,83,6,1,78,0
46,105,5,1,57,0
52,41,0,0,83,0
3,53,3,1,35,0
35,74,2,0,88,0
41,48,2,0,60,0
6,57,6,0,70,1
25,116,9,0,60,1
13,37,3,0,58,0
53,90,7,0,3,1
34,84,8,1,34,0
8,116,2,1,45,0
21,20,4,1,50,0
34,107,3,0,2,0
4,23,9,0,15,1
25,23,5,0,37,0
15,101,9,1,15,0
4,46,3,1,60,0
45,62,7,1,96,0
12,78,2,0,85,0
32,51,4,0,64,0
32,52,0,0,81,0
28,47,5,1,98,0
13,74,4,0,96,0
31,119,7,0,52,1
14,79,8,0,23,1
20,89,7,0,99,1
18,81,7,1,37,0
29,99,2,1,41,0
6,53,3,0,57,0
32,106,3,0,97,0
29,107,4,1,25,0
43,75,8,1,37,0
2,32,8,0,40,1
23,75,9,1,85,0
19,37,0,1,46,0
31,73,7,0,60,1
51,96,0,1,98,0
5,62,1,1,19,0
19,58,6,1,91,0
34,80,7,1,9,0
10,61,0,0,69,0
25,100,2,1,5,0
2,98,6,1,89,0
11,37,8,0,26,1
50,42,7,1,19,0
31,73,7,0,30,1
56,49,8,0,48,1
15,117,9,1,16,0
9,77,2,1,71,0
23,87,7,1,18,0
19,86,0,1,56,0
9,90,7,1,21,0
35,37,6,0,31,1
21,26,7,1,1,0
9,59,0,0,3,0
28,89,5,1,95,0
46,105,6,0,25,1
51,84,4,1,8,0
7,87,4,1,65,0
16,68,6,1,62,0
16,71,2,1,7,0
33,48,5,1,7,0
4,40,6,0,8,1
4,109,0,1,19,0
39,97,1,1,17,0
40,28,3,1,11,0
17,66,7,0,49,1
37,95,9,1,11,0
39,61,5,0,41,0
52,70,0,1,62,0
29,75,9,0,52,1
52,70,4,1,66,0
36,89,6,1,68,0
38,39,5,0,92,0
39,107,8,1,97,0
50,46,7,0,75,1
37,57,3,1,67,0
52,91,4,1,40,0
35,84,6,0,5,1
7,73,7,1,85,0
27,43,4,0,22,0
28,66,8,0,37,1
22,90,9,1,11,0
14,102,3,1,44,0
7,105,3,1,86,0
37,82,7,0,53,1
22,76,0,0,77,0
5,74,7,1,61,0
55,79,4,0,67,0
2,118,0,0,13,0
27,81,3,0,92,0
21,49,1,0,11,0
54,112,3,1,11,0
38,41,7,1,85,0
15,94,4,1,85,0
21,103,0,0,7,0
10,48,6,0,17,1
23,60,0,0,48,0
58,61,8,0,14,1
56,117,2,1,63,0
39,84,2,0,64,0
5,50,5,0,97,0
1,49,9,1,75,0
13,37,5,1,77,0
21,36,5,1,65,0
26,57,0,0,34,0
50,33,4,0,9,0
45,106,5,0,77,0
21,108,7,0,37,1
53,98,0,0,30,0
18,75,4,0,41,0
37,41,2,1,45,0
45,86,1,0,47,0
32,75,7,1,7,0
36,38,6,1,14,0
17,76,9,1,48,0
35,63,6,0,6,1
49,117,4,0,34,0
11,54,8,1,80,0
21,20,4,0,46,0
52,71,1,0,59,0
55,104,2,1,70,0
53,112,3,0,8,0
26,89,4,0,24,0
4,56,2,0,67,0
34,84,6,0,4,1
52,70,4,1,96,0
48,20,4,1,1,0
18,110,5,0,34,0
40,40,6,0,9,1
35,72,9,0,63,1
41,35,9,1,76,0
29,80,7,0,10,1
52,73,8,0,10,1
29,59,3,1,50,0
38,45,4,0,44,0
42,99,4,1,48,0
21,111,7,0,87,1
42,84,8,1,6,0
13,119,6,0,88,1
49,93,4,0,24,0
41,83,2,1,85,0
17,62,0,1,95,0
56,36,8,1,58,0
9,78,4,1,64,0
41,42,8,1,94,0
1,26,9,0,56,1
2,63,3,1,98,0
48,72,4,1,82,0
29,90,3,1,12,0
33,98,1,1,35,0
10,53,0,0,71,0
50,65,7,0,89,1
58,87,3,0,6,0
40,97,4,0,65,0
21,97,5,0,80,0
28,35,7,1,60,0
11,90,7,0,68,1
55,115,6,0,29,1
34,38,3,1,38,0
8,21,5,1,92,0
59,29,3,0,22,0
22,69,6,0,8,1
8,100,0,1,63,0
49,31,4,0,96,0
15,89,9,1,97,0
17,41,9,1,13,0
23,51,3,0,27,0
24,103,6,0,18,1
45,20,8,0,18,1
19,73,4,1,77,0
5,77,3,1,86,0
32,89,8,0,62,1
44,102,4,0,14,0
1,37,8,0,11,1
23,25,7,1,86,0
37,64,3,1,17,0
8,116,6,1,51,0
13,42,4,0,96,0
8,42,9,1,14,0
57,45,3,1,57,0
23,96,4,0,93,0
43,26,4,1,6,0
1,98,8,0,57,1
45,63,8,1,4,0
51,46,5,0,11,0
24,45,3,0,74,0
35,116,1,1,92,0
24,98,2,0,11,0
17,55,1,1,99,0
5,74,4,0,79,0
20,83,5,0,8,0
21,110,4,0,84,0
40,76,1,1,59,0
58,88,4,0,21,0
31,80,8,0,65,1
46,21,3,1,93,0
36,74,9,0,24,1
11,116,1,0,30,0
52,99,2,0,99,0
15,106,2,0,97,0
19,57,8,1,84,0
7,99,3,0,57,0
51,97,0,0,80,0
28,48,0,1,73,0
51,45,6,0,95,1
43,54,6,0,17,1
58,98,1,1,59,0
5,86,8,1,31,0
5,106,8,1,64,0
30,48,4,1,48,0
54,53,2,0,23,0
32,116,2,1,70,0
8,60,2,0,30,0
10,60,5,1,55,0
38,42,3,0,7,0
47,90,7,1,75,0
32,22,4,1,98,0
48,77,0,0,12,0
28,51,8,1,60,0
17,50,0,1,52,0
31,101,5,1,27,0
8,62,0,0,12,0
40,26,2,1,13,0
25,20,9,1,72,0
9,80,4,0,80,0
2,33,9,0,62,1
15,71,6,1,29,0
50,115,9,0,35,1
3,25,7,0,60,1
49,29,8,0,29,1
36,90,5,1,31,0
4,109,8,1,77,0
14,117,7,0,76,1
41,49,8,1,61,0
41,119,9,0,2,1
25,40,3,1,33,0
58,79,8,0,72,1
55,100,6,1,62,0
50,116,4,0,59,0
10,93,4,1,40,0
21,82,0,1,49,0
36,61,1,0,32,0
12,70,9,1,38,0
27,83,2,1,92,0
40,95,7,1,79,0
2,75,5,1,87,0
54,99,9,1,88,0
13,60,4,1,13,0
53,51,0,1,85,0
32,34,8,1,54,0
31,81,2,0,76,0
16,46,2,1,13,0
32,47,1,0,39,0
32,100,3,1,23,0
34,83,1,0,92,0
11,78,8,1,14,0
10,77,9,0,17,1
15,21,6,0,24,1
17,55,7,1,58,0
40,90,2,0,63,0
18,32,5,1,34,0
55,34,9,1,51,0
9,108,5,0,86,0
25,106,0,1,10,0
40,79,5,0,72,0
59,41,2,0,21,0
14,82,2,1,37,0
58,109,2,1,7,0
25,116,9,1,90,0
50,94,9,1,13,0
22,93,7,1,80,0
52,44,4,0,30,0
30,67,3,0,31,0
20,62,8,1,5,0
21,57,8,1,32,0
44,60,0,1,16,0
32,64,1,0,73,0
51,107,7,0,22,1
46,59,4,0,64,0
49,116,6,1,44,0
56,36,0,1,40,0
21,107,9,0,37,1
35,76,4,1,78,0
58,21,2,1,16,0
32,115,9,0,43,1
30,81,1,0,84,0
55,107,1,1,63,0
39,28,8,0,15,1
49,87,3,1,44,0
12,100,3,0,90,0
41,36,6,0,9,1
47,69,9,1,65,0
18,113,9,1,99,0
21,59,1,0,44,0
13,77,2,1,20,0
21,94,2,0,70,0
8,104,5,1,74,0
46,40,2,0,33,0
40,37,4,0,80,0
46,74,3,0,6,0
7,48,2,1,83,0
23,43,7,0,31,1
44,93,9,0,66,1
32,36,2,0,18,0
11,37,5,0,28,0
22,61,6,1,68,0
22,103,6,1,65,0
43,64,1,0,80,0
25,101,2,0,45,0
22,36,9,1,58,0
28,92,9,0,47,1
29,33,3,1,66,0
13,68,6,0,52,1
18,48,1,1,36,0
2,114,2,0,1,0
29,23,6,1,39,0
21,101,6,1,87,0
15,39,9,1,90,0
52,66,2,0,75,0
27,28,0,1,1,0
50,96,2,1,75,0
31,98,4,0,88,0
15,46,6,0,74,1
51,34,3,0,14,0
23,111,0,0,78,0
24,38,5,1,71,0
44,109,1,0,23,0
13,71,2,0,43,0
22,45,3,0,22,0
43,108,5,0,60,0
37,45,5,0,27,0
33,45,6,0,56,1
56,65,4,0,2,0
3,111,6,1,39,0
54,68,1,1,51,0
19,101,0,1,19,0
23,115,9,1,62,0
29,72,7,1,71,0
30,22,0,0,76,0
39,85,1,0,67,0
44,116,9,0,63,1
47,61,5,0,5,0
25,38,0,1,72,0
37,36,9,1,78,0
47,52,2,0,61,0
8,95,6,0,71,1
42,68,7,1,7,0
58,75,3,1,50,0
16,82,2,1,46,0
8,22,0,0,96,0
1,68,8,0,72,1
44,74,9,1,76,0
5,45,5,1,74,0
3,118,5,0,14,0
1,91,8,0,73,1
4,71,0,0,94,0
40,119,5,0,69,0
35,26,4,1,65,0
32,65,5,1,65,0
42,65,7,1,57,0
34,119,4,0,62,0
43,35,1,0,20,0
25,43,1,0,75,0
10,80,9,1,26,0
21,73,4,1,44,0
46,81,2,1,67,0
39,20,9,0,70,1
27,68,2,0,62,0
27,44,7,1,45,0
2,29,6,0,11,1
41,99,0,1,72,0
48,35,4,1,93,0
13,77,8,1,74,0
9,91,3,1,34,0
52,48,0,0,88,0
36,111,7,0,46,1
22,25,4,0,81,0
42,35,1,0,32,0
26,39,0,0,75,0
58,99,2,0,98,0
54,90,8,1,88,0
12,97,0,0,5,0
17,62,3,0,63,0
14,45,7,0,29,1
14,109,7,1,48,0
57,97,9,0,98,1
34,90,7,1,16,0
53,52,9,0,25,1
57,45,7,0,72,1
20,64,3,0,29,0
11,103,7,1,52,0
16,82,8,1,46,0
51,86,6,0,25,1
31,71,1,0,23,0
55,87,8,0,34,1
6,45,7,1,67,0
56,94,4,1,94,0
19,21,2,0,34,0
37,33,6,1,32,0
58,49,1,1,29,0
4,68,2,1,9,0
47,31,8,1,66,0
4,109,3,0,57,0
20,63,3,0,39,0
10,52,2,1,7,0
24,32,4,1,69,0
54,97,2,1,8,0
35,107,8,0,96,1
26,117,2,0,18,0
37,45,1,1,82,0
38,40,4,1,49,0
21,47,5,1,16,0
54,67,0,1,21,0
40,119,5,0,10,0
39,59,9,0,4,1
21,85,2,0,44,0
10,92,3,0,8,0
38,106,5,0,55,0
46,98,7,0,19,1
4,96,8,1,64,0
57,42,5,1,40,0
45,100,6,0,51,1
20,67,4,0,9,0
17,21,8,0,30,1
55,103,3,1,56,0
7,39,9,1,81,0
4,78,5,1,44,0
29,65,4,1,59,0
14,22,0,0,15,0
3,74,4,1,68,0
24,31,4,0,70,0
37,59,8,1,61,0
16,85,0,1,80,0
58,119,4,1,90,0
55,97,6,1,23,0
52,35,5,0,77,0
4,102,5,0,47,0
56,53,6,0,17,1
24,63,5,0,57,0
34,25,4,0,54,0
30,96,9,0,91,1
18,83,4,0,52,0
19,119,8,1,22,0
31,41,7,0,83,1
19,37,9,1,39,0
49,31,3,0,99,0
46,71,3,1,13,0
19,113,9,0,78,1
22,70,4,1,95,0
24,90,2,0,66,0
45,115,7,0,52,1
12,67,6,0,14,1
30,38,4,0,73,0
58,25,9,1,74,0
38,103,2,0,63,0
53,46,4,0,71,0
31,72,2,1,28,0
36,67,9,0,89,1
19,26,4,1,46,0
48,78,0,1,28,0
45,88,5,0,2,0
36,30,9,0,17,1
30,34,3,1,59,0
55,83,3,0,52,0
49,22,7,1,4,0
55,88,1,0,77,0
33,42,3,0,82,0
18,72,1,1,3,0
52,56,0,0,37,0
49,28,9,0,97,1
59,34,2,0,24,0
28,22,7,1,72,0
59,112,5,0,35,0
47,89,6,1,2,0
11,36,1,0,33,0
57,45,5,1,76,0
54,40,7,0,86,1
45,91,7,0,77,1
33,40,3,1,10,0
17,30,5,0,81,0
6,57,4,1,62,0
4,91,8,0,43,1
20,107,7,1,69,0
48,54,1,0,59,0
47,33,6,1,9,0
27,33,6,0,77,1
15,29,0,1,60,0
6,31,0,1,63,0
47,57,3,0,52,0
14,53,4,1,23,0
11,60,3,1,30,0
39,29,6,0,43,1
9,36,2,0,68,0
26,36,6,0,21,1
16,86,7,0,43,1
5,81,5,0,73,0
57,114,5,0,7,0
52,20,7,1,16,0
10,31,7,1,23,0
50,23,6,1,58,0
3,61,5,0,87,0
13,32,5,0,31,0
43,117,9,1,69,0
49,104,5,1,6,0
30,105,7,0,65,1
54,23,0,1,59,0
45,101,4,0,28,0
6,88,2,0,18,0
17,38,7,1,88,0
59,21,5,0,77,0
45,31,1,0,97,0
51,100,6,0,10,1
53,93,6,0,7,1
19,117,4,1,37,0
42,25,7,0,96,1
35,27,4,0,45,0
46,70,0,1,86,0
26,30,8,0,16,1
51,82,3,0,88,0
5,76,1,1,14,0
29,31,3,1,11,0
37,92,8,0,83,1
20,21,1,0,87,0
49,27,3,1,34,0
21,30,1,0,60,0
10,72,4,0,13,0
5,119,2,0,39,0
36,29,9,1,44,0
6,104,1,0,28,0
26,103,8,1,40,0
4,27,4,1,16,0
39,55,9,1,50,0
39,112,4,1,28,0
50,95,0,0,68,0
35,33,5,1,92,0
1,73,6,0,60,1
24,104,0,1,12,0
57,105,8,1,16,0
36,40,7,0,53,1
6,69,7,1,54,0
41,113,6,1,49,0
54,58,4,0,36,0
46,39,2,1,62,0
44,107,8,1,84,0
57,106,6,1,26,0
31,26,9,0,56,1
20,28,9,1,90,0
24,20,7,0,22,1
25,45,5,0,73,0
36,57,4,0,69,0
21,57,7,1,81,0
30,80,2,1,49,0
24,63,6,1,98,0
44,105,1,1,2,0
42,63,2,0,53,0
30,93,1,0,7,0
22,81,4,1,77,0
28,25,6,1,20,0
7,36,9,0,94,1
35,70,9,1,30,0
55,57,0,1,75,0
28,43,9,1,95,0
14,70,8,1,67,0
56,29,0,1,59,0
10,91,0,1,66,0
16,40,9,0,3,1
16,89,7,0,56,1
54,104,5,0,79,0
31,76,5,0,17,0
42,58,8,1,52,0
25,107,3,1,7,0
13,52,7,0,5,1
6,78,3,0,98,0
44,37,1,0,97,0
9,75,7,0,54,1
45,111,6,0,61,1
36,76,3,1,16,0
56,115,8,1,67,0
43,95,8,0,59,1
20,67,7,0,47,1
18,61,0,1,48,0
58,46,6,1,64,0
43,93,4,1,50,0
57,71,6,0,85,1
21,61,8,1,41,0
4,51,1,0,72,0
50,45,3,0,22,0
33,44,3,1,54,0
27,94,1,1,5,0
7,42,2,1,17,0
6,117,7,0,78,1
15,76,8,1,41,0
18,71,5,1,92,0
32,106,9,0,95,1
56,112,1,1,81,0
11,50,1,1,35,0
20,83,6,0,40,1
24,90,7,0,22,1
15,52,7,0,48,1
48,104,5,0,53,0
7,21,9,0,93,1
21,37,7,1,10,0
42,66,0,1,18,0
26,52,8,0,99,1
44,117,0,1,80,0
56,103,2,1,49,0
14,54,8,0,71,1
57,70,4,0,30,0
37,37,8,0,19,1
58,107,8,1,55,0
21,91,5,0,60,0
18,49,0,1,87,0
5,63,9,1,72,0
3,72,6,1,81,0
23,29,5,1,21,0
26,106,8,0,26,1
37,71,6,1,28,0
24,68,3,0,39,0
49,30,6,1,33,0
19,85,1,0,40,0
51,77,5,0,83,0
25,109,5,0,29,0
21,55,1,1,20,0
12,52,3,1,20,0
57,66,7,1,74,0
41,32,7,0,12,1
33,59,7,1,97,0
50,108,7,1,25,0
53,87,0,1,25,0
4,61,1,0,4,0
42,38,3,1,4,0
57,101,8,1,9,0
7,113,2,0,15,0
22,38,5,0,26,0
55,77,6,0,79,1
33,42,7,0,90,1
17,73,6,0,92,1
24,99,2,0,71,0
34,84,5,1,32,0
28,31,4,1,76,0
58,43,9,0,99,1
43,53,3,1,52,0
41,72,0,0,32,0
39,27,6,1,9,0
22,37,7,0,78,1
49,76,1,0,13,0
17,24,6,1,56,0
34,45,5,1,44,0
6,49,4,1,97,0
46,73,3,1,96,0
6,32,1,1,83,0
34,102,9,1,30,0
1,48,5,1,16,0
10,22,4,1,12,0
21,109,1,0,74,0
5,77,9,1,66,0
2,95,6,1,18,0
22,21,5,0,13,0
48,94,8,0,93,1
57,47,9,0,24,1
2,101,4,0,12,0
10,96,8,1,60,0
34,105,8,1,60,0
16,95,0,0,93,0
48,21,4,0,86,0
51,26,8,1,1,0
39,45,6,1,43,0
22,109,5,1,55,0
12,107,5,1,40,0
24,95,6,0,64,1
47,35,0,1,34,0
40,42,3,0,34,0
38,59,0,0,48,0
59,79,5,0,33,0
10,92,3,1,68,0
35,51,0,0,30,0
51,34,8,1,84,0
49,32,3,0,90,0
32,24,5,1,79,0
7,94,6,0,71,1
21,93,7,0,71,1
20,71,8,1,29,0
26,96,8,1,23,0
4,60,7,0,34,1
46,72,9,0,84,1
52,69,2,1,15,0
22,34,1,0,97,0
15,26,4,1,53,0
56,59,0,1,17,0
40,47,2,0,64,0
21,51,0,1,84,0
15,118,2,0,61,0
22,34,3,1,57,0
52,119,6,1,77,0
28,104,4,0,88,0
14,89,4,1,37,0
27,84,0,0,7,0
41,23,7,1,8,0
40,30,3,1,87,0
58,45,9,1,78,0
28,80,4,1,68,0
26,56,1,0,21,0
49,42,0,1,61,0
2,112,8,1,74,0
25,104,1,1,86,0
56,110,5,0,94,0
3,59,0,0,94,0
8,96,0,0,80,0
44,42,8,0,75,1
33,35,3,1,86,0
42,113,8,1,29,0
52,80,4,1,25,0
35,87,6,0,58,1
6,99,0,0,14,0
39,50,5,1,78,0
52,72,7,1,66,0
23,44,0,1,54,0
25,63,8,0,77,1
59,31,2,1,67,0
50,109,0,1,30,0
43,116,0,0,18,0
19,111,5,0,54,0
5,28,5,1,21,0
51,31,0,0,53,0
11,88,2,1,83,0
56,73,6,1,16,0
12,73,9,1,28,0
10,47,2,1,4,0
8,75,2,0,55,0
24,118,2,0,15,0
28,88,6,0,64,1
41,117,3,1,65,0
36,117,3,1,16,0
37,96,2,1,20,0
21,77,9,0,64,1
8,97,8,0,33,1
55,94,1,1,81,0
9,61,3,0,69,0
47,57,7,0,69,1
15,87,5,0,58,0
48,72,6,0,39,1
46,52,6,1,77,0
40,90,1,0,36,0
18,75,3,1,94,0
42,91,9,0,68,1
20,70,9,1,87,0
6,93,5,1,21,0
12,62,2,0,63,0
2,34,8,1,85,0
7,57,3,1,6,0
16,34,9,0,24,1
3,24,1,1,53,0
45,112,5,0,95,0
3,102,0,1,83,0
27,73,5,0,76,0
50,70,9,0,78,1
43,29,0,0,50,0
40,31,7,0,12,1
38,23,4,0,56,0
33,114,5,1,15,0
28,37,1,1,83,0
1,99,1,0,92,0
55,55,8,1,40,0
8,44,2,1,41,0
37,106,5,1,69,0
32,95,9,0,69,1
48,117,4,0,6,0
43,55,3,1,87,0
37,86,9,0,67,1
4,28,1,0,33,0
30,80,7,1,43,0
6,72,9,0,21,1
46,37,6,0,84,1
54,62,1,0,65,0
19,54,5,0,17,0
32,82,7,0,93,1
9,117,6,1,8,0
12,97,0,0,64,0
11,23,4,0,90,0
46,112,1,1,28,0
55,60,5,1,98,0
16,64,6,0,90,1
1,69,6,1,13,0
45,98,2,0,13,0
55,47,6,1,38,0
53,61,4,0,25,0
21,99,7,1,62,0
30,95,7,0,23,1
13,88,6,1,86,0
34,117,5,0,21,0
4,20,1,0,54,0
28,58,5,0,63,0
38,115,8,1,30,0
58,109,1,1,75,0
31,36,0,0,68,0
59,110,4,0,97,0
55,107,5,0,76,0
27,54,2,0,73,0
5,65,7,1,32,0
25,61,6,1,75,0
3,58,1,1,24,0
33,109,6,0,7,1
4,68,0,0,72,0
25,81,8,1,97,0
20,57,6,1,89,0
34,42,5,1,1,0
26,41,1,1,3,0
5,23,2,0,28,0
35,68,0,0,43,0
28,78,9,0,97,1
29,92,4,1,46,0
9,87,8,0,1,1
52,90,5,1,38,0
38,106,4,1,91,0
50,21,2,1,35,0
6,68,4,1,74,0
19,107,7,1,76,0
44,114,1,0,74,0
57,50,4,0,54,0
11,59,5,0,98,0
2,67,9,1,24,0
47,70,7,0,28,1
44,62,7,1,22,0
44,117,4,0,16,0
9,74,8,1,13,0
21,107,3,1,62,0
24,68,8,0,43,1
34,109,6,1,87,0
22,99,5,0,78,0
3,76,3,0,32,0
12,96,1,0,67,0
28,34,7,1,91,0
30,46,5,1,83,0
26,87,2,1,86,0
48,99,6,1,57,0
21,83,9,0,65,1
28,113,6,1,69,0
56,49,5,0,49,0
26,55,1,0,33,0
33,86,7,1,19,0
21,105,0,1,36,0
35,105,0,0,70,0
52,68,5,1,15,0
34,95,4,0,97,0
41,74,8,1,24,0
51,104,6,1,27,0
47,75,1,0,49,0
18,87,6,0,75,1
58,114,2,0,23,0
11,63,0,1,33,0
57,50,7,1,41,0
23,77,2,1,56,0
48,106,7,0,29,1
22,72,6,0,31,1
17,103,1,1,65,0
5,98,0,0,98,0
44,42,6,1,18,0
11,47,0,0,82,0
30,35,5,1,6,0
15,56,9,1,52,0
27,40,9,1,40,0
35,98,7,0,65,1
33,36,6,0,42,1
20,56,3,1,94,0
16,96,0,1,68,0
34,38,0,1,32,0
2,49,3,1,10,0
35,64,4,1,69,0
40,37,6,1,9,0
56,97,3,0,69,0
28,81,9,0,61,1
47,55,0,0,11,0
39,119,9,0,99,1
6,103,6,1,91,0
9,71,1,1,68,0
20,38,1,1,74,0
1,63,7,0,97,1
8,26,9,0,8,1
55,63,9,1,49,0
23,87,9,0,24,1
3,53,4,0,33,0
4,85,9,1,19,0
58,88,1,1,2,0
25,74,4,1,55,0
47,29,7,0,11,1
38,115,5,1,99,0
15,61,2,1,17,0
21,60,7,1,42,0
35,96,8,0,61,1
57,88,4,0,3,0
53,29,1,1,86,0
53,29,1,1,35,0
46,110,6,0,85,1
52,79,0,0,89,0
14,70,9,1,66,0
36,40,1,0,1,0
12,27,9,1,7,0
17,84,3,1,20,0
39,111,0,0,43,0
9,97,3,1,6,0
35,104,9,1,55,0
13,49,4,0,21,0
15,104,8,1,51,0
18,68,0,0,46,0
51,28,4,1,35,0
33,36,1,1,8,0
6,88,8,0,68,1
59,77,5,0,16,0
27,76,1,0,67,0
23,81,2,0,71,0
59,114,7,0,64,1
27,71,0,0,2,0
34,80,2,1,1,0
56,59,9,0,58,1
46,57,0,1,1,0
38,62,7,0,7,1
14,82,0,1,88,0
36,38,4,1,69,0
53,119,3,0,85,0
8,69,6,1,92,0
35,52,4,1,18,0
19,32,7,1,88,0
30,97,0,0,32,0
14,116,4,0,45,0
59,81,3,1,33,0
20,112,2,0,74,0
49,62,4,0,73,0
25,68,9,1,49,0
40,55,2,1,33,0
24,29,7,0,97,1
14,114,2,0,71,0
26,25,0,0,68,0
38,76,8,1,28,0
23,20,8,0,87,1
22,90,5,0,53,0
48,77,9,0,96,1
57,110,0,1,44,0
19,40,7,1,80,0
46,111,1,1,55,0
51,99,8,0,10,1
3,75,7,0,14,1
42,106,2,1,36,0
19,39,4,0,34,0
9,73,8,0,88,1
28,44,0,0,18,0
20,47,8,1,16,0
45,24,3,0,37,0
7,40,3,0,41,0
14,37,3,1,25,0
9,66,9,0,8,1
59,89,8,1,88,0
55,76,5,0,84,0
57,112,7,1,94,0
19,38,3,1,84,0
47,116,2,0,18,0
52,84,0,0,68,0
14,22,9,1,48,0
56,61,6,0,70,1
38,40,3,1,67,0
53,118,7,0,18,1
36,59,2,0,18,0
40,86,0,0,56,0
17,44,4,0,23,0
30,74,1,1,35,0
9,103,2,1,6,0
33,71,5,0,26,0
56,63,2,0,85,0
52,117,2,0,61,0
25,104,5,0,88,0
14,75,4,0,15,0
11,74,9,1,91,0
53,106,8,1,32,0
35,89,0,0,12,0
41,96,2,1,5,0
59,106,2,1,64,0
14,92,5,0,71,0
30,100,7,1,86,0
41,85,2,1,27,0
4,38,2,1,79,0
59,102,5,1,45,0
4,26,7,0,35,1
28,82,5,1,26,0
8,61,9,1,23,0
2,61,2,1,13,0
41,78,3,0,90,0
46,39,0,1,3,0
22,92,7,1,29,0
41,36,3,1,66,0
56,46,5,0,64,0
55,66,2,0,28,0
16,21,5,0,87,0
29,82,8,0,36,1
49,81,8,0,6,1
48,119,9,1,11,0
30,38,2,0,38,0
12,36,2,1,34,0
35,88,3,0,81,0
11,58,6,0,67,1
46,101,2,0,46,0
50,90,9,1,98,0
21,100,7,1,86,0
21,58,7,1,29,0
5,55,5,0,60,0
48,59,3,0,54,0
20,64,4,0,93,0
37,23,1,0,69,0
3,44,5,0,74,0
44,88,2,0,74,0
33,49,5,1,9,0
53,95,4,1,85,0
9,87,1,0,77,0
9,107,4,1,10,0
4,48,4,1,75,0
35,92,8,1,68,0
17,87,7,0,58,1
34,70,6,0,95,1
24,43,2,0,52,0
32,33,9,0,34,1
1,88,3,1,35,0
8,37,5,0,33,0
45,61,2,0,72,0
23,76,8,0,32,1
47,102,7,1,55,0
40,31,5,1,97,0
12,101,3,1,8,0
54,36,6,1,46,0
12,49,2,1,14,0
46,107,9,0,98,1
47,94,7,1,8,0
15,118,0,1,71,0
41,42,2,0,77,0
19,100,4,0,54,0
26,20,4,0,21,0
52,98,9,1,96,0
29,51,1,0,75,0
22,28,9,1,14,0
40,34,7,0,75,1
21,47,4,1,2,0
51,43,6,1,98,0
38,79,6,1,61,0
20,54,4,1,17,0
57,105,7,0,78,1
29,46,8,0,89,1
51,102,3,1,48,0
4,95,3,0,91,0
55,39,7,1,8,0
7,84,0,0,56,0
28,104,3,0,17,0
28,68,5,1,69,0
4,20,3,1,12,0
22,29,5,0,38,0
12,66,4,1,18,0
45,78,8,0,26,1
3,115,9,0,95,1
22,81,8,0,37,1
44,105,3,1,70,0
2,37,3,1,41,0
24,65,7,0,79,1
34,51,9,1,42,0
27,46,3,1,90,0
55,111,1,0,76,0
41,37,1,1,41,0
1,58,0,1,47,0
8,68,4,0,14,0
23,112,5,1,1,0
38,101,8,0,17,1
6,63,4,1,97,0
22,91,5,1,55,0
25,73,5,0,93,0
18,114,2,0,53,0
17,53,3,1,31,0
12,90,0,0,62,0
6,55,3,0,8,0
26,37,0,1,30,0
27,57,4,0,77,0
8,78,7,1,80,0
19,28,7,1,66,0
42,92,4,0,45,0
1,91,9,1,18,0
57,70,1,0,99,0
29,54,5,1,45,0
45,101,0,0,19,0
49,24,6,0,77,1
35,33,3,1,68,0
40,111,4,0,83,0
14,49,5,0,50,0
35,23,0,0,25,0
48,58,8,1,38,0
45,103,9,1,95,0
20,83,3,0,36,0
56,44,7,0,68,1
49,47,4,1,56,0
13,95,7,1,39,0
38,85,0,1,63,0
49,97,7,0,7,1
46,41,3,1,58,0
49,50,1,0,80,0
8,42,5,1,59,0
43,67,1,0,48,0
20,39,4,1,5,0
33,57,1,0,87,0
26,74,2,1,36,0
39,87,5,1,96,0
21,98,0,0,88,0
53,107,5,1,25,0
49,108,2,1,45,0
42,20,6,1,92,0
43,26,1,1,19,0
54,76,5,0,7,0
41,114,7,0,58,1
9,31,0,1,81,0
24,24,8,0,66,1
37,69,4,0,80,0
49,61,4,0,39,0
41,31,4,0,18,0
17,37,5,0,1,0
24,85,1,1,63,0
21,93,5,0,3,0
51,98,3,1,21,0
59,113,7,0,30,1
39,36,8,1,11,0
55,87,8,1,22,0
41,90,7,1,57,0
39,81,2,0,89,0
13,60,9,0,3,1
11,114,3,1,30,0
46,53,0,1,88,0
19,89,8,0,45,1
11,64,4,0,36,0
13,77,5,1,87,0
46,70,2,0,72,0
45,53,9,0,64,1
1,63,7,0,54,1
40,34,6,0,68,1
44,97,0,0,50,0
19,89,9,0,31,1
12,69,4,1,29,0
8,51,9,1,59,0
8,86,8,1,36,0
53,22,5,1,77,0
45,105,7,1,73,0
12,105,9,1,85,0
48,93,0,0,67,0
33,70,9,0,89,1
45,86,6,1,89,0
26,95,2,1,76,0
39,112,8,1,93,0
28,67,5,0,11,0
58,36,4,0,11,0
5,26,7,0,26,1
8,32,7,0,53,1
25,85,2,1,14,0
27,23,1,1,64,0
46,29,1,1,80,0
23,107,4,1,10,0
30,36,9,0,31,1
45,71,6,0,95,1
47,25,7,1,36,0
23,102,9,0,10,1
49,88,7,0,26,1
47,115,7,0,20,1
20,93,9,0,44,1
18,28,2,1,62,0
18,110,1,0,73,0
2,96,3,1,79,0
4,102,0,0,9,0
30,40,2,0,71,0
33,43,8,1,90,0
36,23,6,1,24,0
18,43,6,0,12,1
37,78,0,0,60,0
19,118,6,1,84,0
47,22,9,0,78,1
28,87,6,0,86,1
40,59,3,1,16,0
20,67,6,0,29,1
49,73,7,0,32,1
33,54,2,0,83,0
12,114,9,0,35,1
58,75,1,0,43,0
51,108,6,1,96,0
15,59,4,0,53,0
41,96,4,1,20,0
39,87,4,1,84,0
2,65,6,0,8,1
29,97,8,1,99,0
41,32,7,0,42,1
10,46,5,1,77,0
2,25,6,1,70,0
51,36,8,1,16,0
11,55,5,0,69,0
13,118,0,1,53,0
10,100,3,1,45,0
14,21,7,1,51,0
18,96,6,0,98,1
51,71,2,0,6,0
54,85,9,1,33,0
9,71,2,1,79,0
57,111,2,1,15,0
39,62,0,1,14,0
28,109,9,0,39,1
3,41,0,0,63,0
20,74,5,0,5,0
6,86,0,1,90,0
27,118,4,0,81,0
53,79,3,1,52,0
2,77,4,1,16,0
29,31,6,1,99,0
38,107,5,0,38,0
3,88,8,1,53,0
16,103,5,0,87,0
30,58,8,1,77,0
40,32,3,0,97,0
2,60,0,1,93,0
17,76,0,0,53,0
41,72,9,1,46,0
12,31,6,0,98,1
35,32,2,1,98,0
43,93,1,1,91,0
1,116,5,1,15,0
55,76,5,0,59,0
45,59,6,1,50,0
15,99,4,1,9,0
26,64,7,1,26,0
37,54,6,0,3,1
21,22,1,1,47,0
49,24,0,1,5,0
31,109,8,0,62,1
25,30,4,1,84,0
23,90,4,0,84,0
24,75,9,1,5,0
57,29,3,0,10,0
38,53,1,0,80,0
28,86,4,0,63,0
21,91,1,1,25,0
54,50,6,1,44,0
43,94,8,0,25,1
18,90,8,1,30,0
36,85,5,1,14,0
35,89,0,0,86,0
45,60,5,0,43,0
55,82,4,0,28,0
9,51,3,0,94,0
53,39,5,1,19,0
38,76,5,1,42,0
58,117,5,1,20,0
30,69,1,1,99,0
44,99,6,1,86,0
34,44,3,1,79,0
32,31,8,0,11,1
3,90,9,1,54,0
3,58,1,1,98,0
28,36,4,1,24,0
44,64,3,0,70,0
15,30,8,0,17,1
41,89,3,1,28,0
23,42,7,0,50,1
40,110,7,0,95,1
11,89,5,1,55,0
48,57,5,1,73,0
32,21,7,1,10,0
58,105,9,0,21,1
59,103,8,0,58,1
57,108,4,1,34,0
54,98,0,0,95,0
36,112,0,0,93,0
33,91,1,0,43,0
24,56,9,1,11,0
39,68,9,1,33,0
34,71,4,1,58,0
56,52,3,1,46,0
28,41,0,1,61,0
37,24,3,0,62,0
7,37,3,0,1,0
4,57,9,0,21,1
37,56,3,0,62,0
56,113,0,0,64,0
1,114,8,0,87,1
1,83,2,1,73,0
47,29,3,1,56,0
20,98,4,0,1,0
19,61,6,1,21,0
29,67,5,0,22,0
10,63,4,0,54,0
18,101,7,1,4,0
28,106,0,1,65,0
35,116,6,0,51,1
43,35,5,1,74,0
47,73,4,0,63,0
31,54,6,0,15,1
27,117,2,0,36,0
11,47,0,0,29,0
49,21,8,0,52,1
49,113,1,1,46,0
38,32,9,0,69,1
5,60,2,1,29,0
8,99,7,0,47,1
34,78,9,1,91,0
48,88,8,0,25,1
52,111,2,1,80,0
56,72,5,0,16,0
12,64,6,0,89,1
38,39,0,1,41,0
1,43,6,1,65,0
31,80,3,1,69,0
4,110,4,1,20,0
49,113,7,1,69,0
45,77,3,1,36,0
50,46,3,0,93,0
5,45,7,0,98,1
30,26,4,0,58,0
56,61,5,1,48,0
24,66,4,1,82,0
59,72,0,1,2,0
3,78,6,0,80,1
11,57,5,1,29,0
45,88,1,0,97,0
4,106,6,1,16,0
26,111,5,1,35,0
27,117,4,1,62,0
46,72,7,0,81,1
54,34,4,1,4,0
43,115,1,0,68,0
27,45,5,1,51,0
42,67,0,1,89,0
51,114,4,1,33,0
50,38,5,1,78,0
6,28,6,0,24,1
59,83,1,1,75,0
15,112,0,0,25,0
53,73,5,1,28,0
30,70,2,1,7,0
42,58,4,1,36,0
37,23,1,0,10,0
58,22,0,1,36,0
37,83,0,0,95,0
42,48,3,0,83,0
37,30,9,1,18,0
35,116,1,0,6,0
23,77,0,1,92,0
6,94,5,0,7,0
4,46,3,0,12,0
18,116,9,0,41,1
9,40,6,0,63,1
49,58,5,1,98,0
29,114,4,0,25,0
13,65,9,1,81,0
59,85,1,0,53,0
47,110,4,1,33,0
52,55,8,1,87,0
17,94,8,0,73,1
45,101,1,0,6,0
32,84,6,1,62,0
48,82,9,0,66,1
22,118,3,0,9,0
4,54,2,0,67,0
5,50,0,0,16,0
37,47,2,0,89,0
41,20,8,0,88,1
49,44,8,0,93,1
13,62,6,0,55,1
34,103,2,0,40,0
45,86,2,1,26,0
22,82,3,0,38,0
53,70,6,0,35,1
59,21,6,0,87,1
23,101,1,0,68,0
51,83,4,0,59,0
3,93,6,1,14,0
42,88,6,1,47,0
34,28,5,0,71,0
32,21,9,1,72,0
45,53,9,0,42,1
51,79,7,0,51,1
58,80,2,1,19,0
49,50,0,1,66,0
21,29,2,1,47,0
46,95,1,1,65,0
44,55,1,1,42,0
21,104,1,0,38,0
44,68,4,0,13,0
11,89,0,0,44,0
39,68,9,1,24,0
4,22,3,0,96,0
51,93,9,1,30,0
1,24,4,0,70,0
28,109,1,1,38,0
24,80,4,1,97,0
35,104,9,0,23,1
13,109,3,0,74,0
47,45,7,0,57,1
34,91,0,0,79,0
11,24,4,1,23,0
36,34,9,0,36,1
51,35,0,1,57,0
17,20,9,0,1,1
35,35,9,0,72,1
18,56,3,0,3,0
40,22,7,0,14,1
22,71,0,0,81,0
57,66,1,1,34,0
24,114,0,0,70,0
58,32,6,1,69,0
19,99,1,0,51,0
37,74,0,1,29,0
39,40,5,0,99,0
21,85,5,0,82,0
8,73,9,0,48,1
28,46,1,1,94,0
5,57,0,1,79,0
17,109,9,0,79,1
37,77,2,0,16,0
36,81,9,0,57,1
54,65,4,1,97,0
19,108,5,0,10,0
27,30,2,1,19,0
53,91,8,0,67,1
34,27,4,1,36,0
11,116,1,1,4,0
54,90,9,1,75,0
45,83,5,0,33,0
47,40,7,1,28,0
12,91,5,0,96,0
54,82,3,1,80,0
21,104,5,0,9,0
54,83,7,1,75,0
11,39,7,1,6,0
39,27,9,0,49,1
28,77,1,0,91,0
5,65,7,1,76,0
17,50,5,1,22,0
56,112,1,0,48,0
20,28,0,1,21,0
41,34,5,1,33,0
46,113,6,0,81,1
58,45,9,0,56,1
12,29,4,0,29,0
6,48,9,1,53,0
17,99,7,1,40,0
51,55,8,1,74,0
19,103,3,0,18,0
26,56,6,1,47,0
48,105,7,0,13,1
44,90,5,0,27,0
44,42,1,1,62,0
52,60,6,0,74,1
32,112,8,1,96,0
6,99,4,0,45,0
55,47,1,0,3,0
58,67,3,0,22,0
36,57,2,1,27,0
38,50,3,0,55,0
11,33,9,1,67,0
33,116,6,0,33,1
24,92,9,0,2,1
23,110,7,0,75,1
15,107,0,1,46,0
27,96,7,1,74,0
11,109,4,1,33,0
57,48,6,1,58,0
51,70,0,1,7,0
50,68,1,0,15,0
17,62,0,0,26,0
51,111,4,1,11,0
53,111,5,1,38,0
14,91,9,1,27,0
27,106,8,1,7,0
18,112,7,0,1,1
28,24,6,1,74,0
51,61,4,1,21,0
47,26,2,1,79,0
47,61,8,1,30,0
4,55,4,0,94,0
7,46,2,0,8,0
45,77,2,1,88,0
35,65,2,0,83,0
48,85,5,0,3,0
9,44,0,1,55,0
8,92,3,1,15,0
52,46,7,0,36,1
45,20,2,0,6,0
17,106,4,0,42,0
17,93,1,0,50,0
49,61,1,0,18,0
33,71,6,1,83,0
32,44,9,0,50,1
8,73,2,0,30,0
19,86,4,0,77,0
38,25,2,0,39,0
3,77,5,0,12,0
59,89,9,0,98,1
5,72,2,0,59,0
13,85,7,0,76,1
47,77,1,1,44,0
46,101,2,1,88,0
31,106,7,0,4,1
55,21,7,1,36,0
16,95,0,1,48,0
50,41,7,1,14,0
32,56,9,1,81,0
22,39,1,1,49,0
29,43,6,1,67,0
22,103,5,0,87,0
43,84,1,0,77,0
3,84,4,1,9,0
54,100,6,0,21,1
10,20,7,1,72,0
42,113,2,0,81,0
21,22,0,0,16,0
16,65,6,0,16,1
12,74,4,1,28,0
2,94,4,0,51,0
41,107,6,0,56,1
24,105,0,1,80,0
35,83,7,1,57,0
56,64,9,0,52,1
30,45,4,1,46,0
57,96,7,0,78,1
30,84,9,0,38,1
47,43,9,1,84,0
35,93,4,1,48,0
19,54,6,0,41,1
50,43,9,1,98,0
8,47,2,0,59,0
26,119,1,1,93,0
49,99,5,1,67,0
40,35,4,1,74,0
7,78,8,1,84,0
30,100,9,1,66,0
7,73,3,0,27,0
3,98,2,0,32,0
1,35,8,0,56,1
36,34,7,1,10,0
25,117,5,0,40,0
37,30,0,0,17,0
1,84,9,1,58,0
15,98,0,1,97,0
37,109,5,1,6,0
13,87,2,0,39,0
40,62,2,0,18,0
8,88,5,1,73,0
5,118,2,0,72,0
9,32,9,0,89,1
1,29,5,1,95,0
36,94,4,0,42,0
35,101,3,1,4,0
2,117,7,0,20,1
40,60,1,1,28,0
23,69,6,0,40,1
9,106,3,0,65,0
34,90,1,1,44,0
46,78,6,1,23,0
14,58,0,1,57,0
4,22,3,1,47,0
30,95,8,0,13,1
31,26,3,1,16,0
38,68,2,1,90,0
11,45,9,1,55,0
35,52,9,1,95,0
8,67,1,1,65,0
3,98,2,0,81,0
14,21,0,1,16,0
13,90,9,1,37,0
45,51,7,1,52,0
32,23,0,0,10,0
34,39,2,0,38,0
45,55,2,0,44,0
19,51,1,1,95,0
59,47,4,1,74,0
38,96,9,0,54,1
16,20,2,0,98,0
2,79,2,1,51,0
40,75,7,1,52,0
17,54,3,1,70,0
55,49,3,0,92,0
34,73,2,1,92,0
42,55,0,1,59,0
16,74,7,0,13,1
38,108,0,0,41,0
2,99,6,0,12,1
2,77,4,1,50,0
26,102,3,0,57,0
13,84,3,0,50,0
56,88,7,1,57,0
47,70,5,1,54,0
31,41,0,0,66,0
34,107,9,1,8,0
39,72,7,0,63,1
3,119,1,1,9,0
8,55,5,1,60,0
23,87,8,0,63,1
14,55,0,0,72,0
56,71,5,0,3,0
55,72,7,1,73,0
27,101,9,0,13,1
54,69,1,1,9,0
29,99,4,1,95,0
39,60,5,0,89,0
53,37,4,1,52,0
39,41,2,1,62,0
1,85,3,0,8,0
17,40,6,1,95,0
41,119,3,1,45,0
30,63,8,0,53,1
53,66,9,0,63,1
13,58,1,1,95,0
21,48,4,1,81,0
19,73,7,1,57,0
53,109,4,1,54,0
19,104,9,0,19,1
57,36,7,1,67,0
25,99,7,1,46,0
22,79,8,1,94,0
31,50,9,1,10,0
17,92,5,0,93,0
55,114,3,1,18,0
23,97,2,0,12,0
32,68,4,0,49,0
10,21,5,0,23,0
10,67,2,0,62,0
36,33,1,0,11,0
8,78,6,1,73,0
54,116,4,0,56,0
52,118,8,0,88,1
20,77,2,0,89,0
32,77,7,1,55,0
50,70,5,0,25,0
14,103,3,1,9,0
50,21,8,0,12,1
28,60,4,0,11,0
46,102,9,1,38,0
52,101,5,1,28,0
53,35,8,1,8,0
24,23,6,0,74,1
15,31,4,1,89,0
22,48,1,1,47,0
30,26,3,1,36,0
4,33,1,1,50,0
13,31,2,1,9,0
59,118,9,0,60,1
23,24,2,1,72,0
8,100,3,0,67,0
18,51,5,1,53,0
12,93,2,1,82,0
55,62,9,0,99,1
31,100,0,0,17,0
14,88,0,0,53,0
34,64,8,0,28,1
18,28,8,1,63,0
56,68,4,0,15,0
34,52,8,1,19,0
11,119,6,1,86,0
41,119,8,1,70,0
12,37,6,0,47,1
49,28,8,0,71,1
15,81,1,0,48,0
57,76,7,1,73,0
31,48,6,0,20,1
49,97,5,0,37,0
58,44,4,1,75,0
29,34,3,0,2,0
26,25,6,1,64,0
18,61,2,0,86,0
32,48,7,0,36,1
22,98,1,0,5,0
38,112,0,0,64,0
17,23,1,0,7,0
23,101,8,1,70,0
24,76,4,0,22,0
50,68,7,0,74,1
8,63,2,0,46,0
41,99,6,0,40,1
6,94,1,0,61,0
5,33,7,0,46,1
44,22,6,0,84,1
57,81,4,1,28,0
29,83,3,1,87,0
28,64,0,0,35,0
11,101,4,1,1,0
57,77,8,0,29,1
1,39,9,1,9,0
43,77,3,0,9,0
19,108,8,0,22,1
9,76,1,1,63,0
27,96,3,0,66,0
34,87,8,1,80,0
44,97,3,0,58,0
4,116,4,0,70,0
36,111,7,0,55,1
18,71,0,0,13,0
15,56,0,1,97,0
51,27,8,0,19,1
13,63,8,1,79,0
19,117,3,1,33,0
49,24,1,0,74,0
6,88,8,0,65,1
48,50,3,1,60,0
56,64,5,1,12,0
12,28,0,0,43,0
51,51,8,1,93,0
37,52,4,1,17,0
17,86,2,1,68,0
58,49,3,0,29,0
23,95,0,1,55,0
26,48,8,1,7,0
29,22,7,1,44,0
33,109,3,1,77,0
27,76,1,0,5,0
25,49,8,0,60,1
56,28,3,1,6,0
55,45,8,1,98,0
10,21,9,1,7,0
47,81,2,0,46,0
23,22,6,0,57,1
21,65,6,1,54,0
21,87,9,1,92,0
43,44,3,0,46,0
13,70,1,1,10,0
37,32,8,1,4,0
33,63,3,0,67,0
24,54,7,0,25,1
44,74,1,0,87,0
11,106,7,0,91,1
17,28,9,0,78,1
4,21,4,1,61,0
47,80,6,0,38,1
25,60,6,0,32,1
30,63,8,0,23,1
9,83,2,0,37,0
21,50,9,0,3,1
20,66,3,0,99,0
19,21,9,1,13,0
19,115,3,0,34,0
12,101,9,1,88,0
37,96,4,1,65,0
42,88,5,0,76,0
17,77,2,0,8,0
37,63,3,1,83,0
54,93,2,1,9,0
48,75,1,1,28,0
39,62,9,0,78,1
28,108,8,1,91,0
41,53,0,0,18,0
35,49,1,0,42,0
47,90,7,1,41,0
48,89,6,0,70,1
18,74,0,0,33,0
14,86,4,1,89,0
35,32,9,1,77,0
44,22,5,0,54,0
41,45,4,1,87,0
7,76,3,0,36,0
41,43,0,1,97,0
13,72,6,1,85,0
18,89,8,1,98,0
37,62,5,1,56,0
13,79,2,0,17,0
36,77,9,1,10,0
31,68,3,0,87,0
2,61,9,0,44,1
16,95,4,1,2,0
9,119,0,1,99,0
9,85,4,1,14,0
38,30,0,1,41,0
11,117,8,1,2,0
54,109,6,0,19,1
56,37,2,1,80,0
22,104,8,0,89,1
33,119,1,0,1,0
36,71,6,0,2,1
45,65,8,0,27,1
23,63,5,1,2,0
45,41,9,1,94,0
45,72,4,0,51,0
34,78,6,0,10,1
9,113,5,1,19,0
24,49,4,0,80,0
8,27,1,1,13,0
7,117,7,0,48,1
36,76,6,1,56,0
18,92,5,0,72,0
3,39,4,0,56,0
28,44,4,0,50,0
6,38,8,1,95,0
44,24,0,1,45,0
44,94,8,1,89,0
21,98,5,0,59,0
28,91,3,0,39,0
40,102,9,0,21,1
54,106,6,0,55,1
54,46,8,0,57,1
1,59,4,0,41,0
36,115,4,1,93,0
21,45,7,1,70,0
43,46,6,1,82,0
35,81,7,0,49,1
13,102,9,1,44,0
57,69,1,0,35,0
49,61,8,0,91,1
54,48,2,1,5,0
54,58,5,0,71,0
10,79,5,0,74,0
53,60,1,0,74,0
44,52,6,0,51,1
47,102,8,0,57,1
53,102,9,1,58,0
10,116,0,1,92,0
46,35,7,0,36,1
13,42,1,0,10,0
37,26,0,1,50,0
38,45,7,1,99,0
24,115,1,1,99,0
2,31,5,0,37,0
22,91,5,1,20,0
17,24,4,1,13,0
36,111,7,0,75,1
14,88,2,0,19,0
10,68,9,1,92,0
35,45,3,0,56,0
25,24,6,1,45,0
3,41,6,1,60,0
47,98,7,0,68,1
38,32,1,0,57,0
17,47,1,1,54,0
12,52,3,0,37,0
54,42,9,0,83,1
52,116,8,0,37,1
24,37,9,0,14,1
29,49,8,0,95,1
43,45,3,0,92,0
25,35,8,0,44,1
36,96,2,1,83,0
58,58,4,0,42,0
26,52,9,1,1,0
38,45,8,0,23,1
1,67,5,1,64,0
20,84,2,0,28,0
55,57,9,1,4,0
28,21,8,0,41,1
16,25,5,1,60,0
47,65,3,0,18,0
17,69,3,0,63,0
40,57,7,1,61,0
28,107,6,1,49,0
58,37,0,0,47,0
12,46,5,1,39,0
27,60,7,1,89,0
54,91,2,0,82,0
53,111,8,1,6,0
42,93,9,0,83,1
59,36,1,1,53,0
47,81,5,0,76,0
30,48,0,1,25,0
41,77,1,0,99,0
34,89,4,0,65,0
37,97,0,1,5,0
6,41,7,1,65,0
7,25,0,0,8,0
32,45,8,0,39,1
32,58,9,1,43,0
53,31,2,1,82,0
25,118,1,1,73,0
33,33,0,1,5,0
55,41,8,1,4,0
58,70,3,1,93,0
7,42,0,0,1,0
52,67,0,1,94,0
57,90,6,1,56,0
12,69,1,1,45,0
16,108,6,1,65,0
16,32,6,0,3,1
43,104,9,0,22,1
53,29,8,0,72,1
36,74,6,0,56,1
13,28,0,1,18,0
7,98,7,0,25,1
36,71,7,1,48,0
47,21,3,1,84,0
51,44,7,0,31,1
9,32,3,0,30,0
32,117,7,1,80,0
11,70,4,0,66,0
8,77,3,0,81,0
33,53,5,1,10,0
23,54,1,1,71,0
25,22,1,1,59,0
56,78,1,1,51,0
8,89,8,1,9,0
45,67,9,0,54,1
22,83,2,1,62,0
